-- phpMyAdmin SQL Dump
-- version 2.11.11.3
-- http://www.phpmyadmin.net
--
-- Host: localhost
-- Generation Time: Apr 09, 2015 at 02:16 PM
-- Server version: 5.0.95
-- PHP Version: 5.3.3

SET SQL_MODE="NO_AUTO_VALUE_ON_ZERO";


/*!40101 SET @OLD_CHARACTER_SET_CLIENT=@@CHARACTER_SET_CLIENT */;
/*!40101 SET @OLD_CHARACTER_SET_RESULTS=@@CHARACTER_SET_RESULTS */;
/*!40101 SET @OLD_COLLATION_CONNECTION=@@COLLATION_CONNECTION */;
/*!40101 SET NAMES utf8 */;

--
-- Database: `mad9022`
--

-- --------------------------------------------------------

--
-- Table structure for table `final_homes`
--

CREATE TABLE IF NOT EXISTS `final_homes` (
  `home_id` int(10) unsigned NOT NULL auto_increment,
  `uuid` varchar(40) NOT NULL,
  `create_dt` timestamp NOT NULL default CURRENT_TIMESTAMP on update CURRENT_TIMESTAMP,
  `pin` char(4) NOT NULL,
  `username` char(8) NOT NULL,
  PRIMARY KEY  (`home_id`)
) ENGINE=InnoDB  DEFAULT CHARSET=utf8 AUTO_INCREMENT=395 ;

--
-- Dumping data for table `final_homes`
--

INSERT INTO `final_homes` (`home_id`, `uuid`, `create_dt`, `pin`, `username`) VALUES
(1, '1.2345678910111213e 30', '2014-04-20 11:54:40', 'asdf', 'asdfasdf'),
(2, '1.2345678910111213e 30', '2014-04-20 11:55:12', '1111', 'abcd0001'),
(5, 'f8758f40f0007945', '2014-04-20 12:24:38', '1111', 'haup0002'),
(6, 'abcdef123456', '2014-04-20 12:32:16', 'ffff', 'gino1234'),
(7, '1.2345678910111213e 30', '2014-04-20 13:08:37', '1234', 'qwerqwer'),
(8, '4A80F4EC-435C-4EF2-9B32-6AE9725BF918', '2014-04-20 13:08:53', '5555', 'rolando1'),
(9, '1.2345678910111213e 30', '2014-04-20 13:14:14', '1111', 'yuan0035'),
(10, '1.2345678910111213e 30', '2014-04-20 13:54:23', '1111', 'qweqweqw'),
(11, '112233445566', '2014-04-20 13:58:37', '1111', 'rjackson'),
(12, '929c31a0cf02895b', '2014-04-20 14:13:32', '1234', 'gizmodor'),
(13, '148A3C55-67A7-5D83-F745-23F15278B9AA', '2014-04-20 14:18:49', '1234', 'gizmodog'),
(14, 'abcdef123456', '2014-04-20 14:23:17', '1234', 'asdf1244'),
(18, 'abcdef123456', '2014-04-20 14:45:29', '1234', 'gino1111'),
(19, 'abcdef123456', '2014-04-20 14:46:27', '1234', 'aaaa1111'),
(20, '148A3C55-67A7-5D83-F745-23F15278B9AA', '2014-04-20 15:24:29', '1234', 'gizmodot'),
(21, '3c4f4d032e99f2bf', '2014-04-20 15:29:42', '1234', 'gizmodoc'),
(22, '3c4f4d032e99f2bf', '2014-04-20 15:56:22', '1818', 'wieg0002'),
(23, 'mI0A0Im', '2014-04-20 16:02:14', '1111', 'gggg1111'),
(24, '9b56c1c5eb1d11e2', '2014-04-20 16:04:08', '1111', 'stopdele'),
(25, '929c31a0cf02895b', '2014-04-20 16:14:31', '1818', 'wieg0018'),
(26, 'abcdef123456', '2014-04-20 16:17:15', '8888', 'Qqkd0192'),
(27, 'abcdef123456', '2014-04-20 16:18:58', '9999', 'Skas0010'),
(28, '92EFB678-14EF-44A4-880E-22C0B2E5DECB', '2014-04-20 16:23:44', '1111', 'john0957'),
(29, '148A3C55-67A7-5D83-F745-23F15278B9AA', '2014-04-20 16:24:51', '5555', 'fpoerope'),
(30, '2164D14E-82D7-4A74-A379-BAF55613CD82', '2014-04-20 16:29:16', '1111', 'john0957'),
(31, 'mI0A0Im', '2014-04-20 16:30:46', '1111', 'ssss1111'),
(32, '17161D4D-B07C-4F10-819E-DE957B06E9EC', '2014-04-20 16:37:29', '1111', 'john0957'),
(33, '148A3C55-67A7-5D83-F745-23F15278B9AA', '2014-04-20 16:38:34', '8888', 'smartass'),
(34, '3791FC18-897A-4508-A8C7-5527D6A7F9C7', '2014-04-20 16:39:44', '1111', 'john0957'),
(35, 'ABA6D3A0-00F1-45C1-9CF7-53929C1DE384', '2014-04-20 16:40:46', '1111', 'john0957'),
(36, '3C3C4260-BCAE-4D5B-8C82-C78D0D4EB6A0', '2014-04-20 16:42:15', '1111', 'john0957'),
(37, '1', '2014-04-20 17:30:40', '1234', 'meghna24'),
(38, '148A3C55-67A7-5D83-F745-23F15278B9AA', '2014-04-20 17:34:45', '1234', 'djweoijf'),
(39, '6350E5B9-E640-4386-950A-F28ACBF448', '2014-04-20 17:58:05', '1111', 'qwer1234'),
(40, 'abcdef123456', '2014-04-20 18:03:46', '1234', 'Zhou0100'),
(41, '12343411234', '2014-04-20 18:10:53', '1234', 'abcd0001'),
(42, 'undefined', '2014-04-20 18:18:43', '1234', 'Uniquepp'),
(43, 'undefined', '2014-04-20 18:20:08', '1234', 'Uniqueaa'),
(44, '76710F7F-E2F7-448D-B5BE-F5721C6ED56D', '2014-04-20 18:23:16', 'jjjj', 'Uniquecc'),
(45, '311B5EF0-08F2-46A3-B7B5-BB27D26FFD3D', '2014-04-20 18:44:33', 'qqqq', 'Abcd0001'),
(46, '112233445566', '2014-04-20 19:03:45', '1111', 'richjack'),
(49, '1234', '2014-04-20 21:04:29', '1111', 'trem0123'),
(50, '148A3C55-67A7-5D83-F745-23F15278B9AA', '2014-04-20 21:17:21', '1234', 'asdfsadf'),
(52, 'f8758f40f0007947', '2014-04-20 22:52:01', '1111', 'haup0002'),
(53, '95ede09ea861d442', '2014-04-20 22:55:30', '1111', 'haup0002'),
(54, 'acb123', '2014-04-20 22:56:29', '2211', 'macd0718'),
(55, 'acb123', '2014-04-20 23:07:46', '2111', 'macd0719'),
(56, '148A3C55-67A7-5D83-F745-23F15278B9AA', '2014-04-20 23:24:27', '1234', 'asdfkjas'),
(57, '1', '2014-04-20 23:25:41', '1234', 'meghna90'),
(58, '1', '2014-04-20 23:31:05', '1345', 'meghna10'),
(59, '1', '2014-04-20 23:35:29', '1223', 'meghna22'),
(60, '1', '2014-04-20 23:38:45', '1234', 'megh0022'),
(61, '1', '2014-04-20 23:39:20', '1223', 'megh0321'),
(62, '1', '2014-04-20 23:40:58', '1234', 'jlovem22'),
(63, '1', '2014-04-20 23:41:40', 'mumz', 'mumz2217'),
(64, '1', '2014-04-20 23:42:02', '2345', 'mumn1245'),
(65, '1', '2014-04-20 23:44:17', '1234', 'meghna80'),
(66, '1', '2014-04-20 23:44:51', '1234', 'meghna33'),
(67, '50B413CA-72F8-4A37-91B3-348883B68492', '2014-04-20 23:45:18', 'qwer', 'Gono0010'),
(68, '1', '2014-04-20 23:46:17', '1234', 'megh1244'),
(69, '1', '2014-04-20 23:47:01', '1234', 'abcd1234'),
(70, '1', '2014-04-20 23:48:09', '2345', 'smart123'),
(71, '1', '2014-04-20 23:50:39', '1234', 'jk221720'),
(72, '1', '2014-04-20 23:51:32', '1234', 'sklkdf34'),
(73, '1', '2014-04-20 23:57:49', 'abcd', 'abc12345'),
(74, '1', '2014-04-21 00:00:23', '1234', 'meghna65'),
(75, '1', '2014-04-21 00:01:02', '1234', 'meghna25'),
(76, '1', '2014-04-21 00:02:22', '1234', 'dad23456'),
(77, '1', '2014-04-21 00:07:17', '1234', 'abcd2134'),
(78, '1', '2014-04-21 00:08:39', '1234', 'yoyo3245'),
(79, '1', '2014-04-21 00:12:56', '1234', 'yoya1245'),
(80, '1', '2014-04-21 00:13:27', '1234', 'yaya2345'),
(81, '148A3C55-67A7-5D83-F745-23F15278B9AA', '2014-04-21 00:15:11', '1234', 'adflkajs'),
(82, '1', '2014-04-21 00:18:16', '1234', 'king1233'),
(83, '1', '2014-04-21 00:21:06', '1245', 'megh2456'),
(84, '112233445566', '2014-04-21 00:25:35', '1111', 'jackrich'),
(85, '250C3D55-66F7-4D83-A780-23F15278C9BB', '2014-04-21 01:13:21', '1111', 'blahblah'),
(86, '12321321321', '2014-04-21 01:37:13', '1111', 'Yitest21'),
(87, 'FCAA3065-A16E-4116-89CF-05B13A16A701', '2014-04-21 02:40:18', '1111', 'Yitest22'),
(88, 'A65185C7-344E-4CE8-B143-1A48B8B6270C', '2014-04-21 02:53:04', '1111', 'Yitest22'),
(89, '7C82576C-0693-48FD-81D6-02BB37010249', '2014-04-21 02:59:40', '1111', 'Yitest21'),
(90, '18F9683B-15EC-4008-B579-947366B715AD', '2014-04-21 03:02:27', '1111', 'Wutest12'),
(91, 'A398257E-1B29-46A4-BF6F-10754705117B', '2014-04-21 03:05:30', '1111', 'Wutest21'),
(92, 'BD453C27-417E-4C81-96C4-9505AF2685BF', '2014-04-21 03:09:34', '1111', 'Wutest21'),
(93, '752246B1-6A03-4113-99DC-10FC3B51629B', '2014-04-21 03:11:42', '1111', 'Wutest21'),
(100, '11112222233333', '2014-04-21 04:15:10', '1111', 'oooooooo'),
(101, '11112222233333', '2014-04-21 04:32:03', '1111', 'qqqqqqqq'),
(102, '11112222233333', '2014-04-21 04:38:20', '1111', 'wwwwwwww'),
(103, 'undefined', '2014-04-21 04:41:43', '1111', 'wwwwwwww'),
(104, 'undefined', '2014-04-21 04:46:40', '1111', 'qqqqqqqq'),
(105, '123456', '2014-04-21 04:47:33', '5271', 'gfjk1234'),
(106, 'undefined', '2014-04-21 04:50:21', '1111', 'aaaaaaaa'),
(107, '123456', '2014-04-21 04:53:50', '0271', 'Lo111111'),
(108, '111222333', '2014-04-21 05:11:08', '1111', 'eeeeeeee'),
(109, '111222333', '2014-04-21 05:14:26', '1111', 'qqqqqqqq'),
(110, 'undefined', '2014-04-21 05:25:37', '1111', 'richardd'),
(111, '112233', '2014-04-21 05:43:49', '1111', 'rjrjrjrj'),
(112, '929c31a0cf02895b', '2014-04-21 05:45:14', '1234', 'wieg1234'),
(113, '112233', '2014-04-21 05:47:33', '1111', 'jackrich'),
(114, '929c31a0cf02895b', '2014-04-21 05:49:36', '1234', 'qwertyui'),
(115, '929c31a0cf02895b', '2014-04-21 05:52:22', '8575', 'fycyicyx'),
(116, '929c31a0cf02895b', '2014-04-21 05:53:16', '0000', 'ctxhxhfx'),
(117, 'undefined', '2014-04-21 06:00:09', '1111', 'jacksori'),
(118, 'undefined', '2014-04-21 06:08:56', '1111', 'rijackso'),
(119, 'undefined', '2014-04-21 06:12:41', '1111', 'ricjacks'),
(121, '148A3C55-67A7-5D83-F745-23F15278B9AA', '2014-04-21 09:42:10', '1234', 'asdfghnj'),
(122, '1kjhllkjasdlkfjalsdkfjalsdkfj', '2014-04-21 09:51:21', '1111', 'neil0075'),
(123, 'a53fee36dd1f1db3', '2014-04-21 10:33:35', '1234', 'builffgy'),
(124, '148A3C55-67A7-5D83-F745-23F15278B9AA', '2014-04-21 10:36:51', '1234', 'asdfghjk'),
(125, '00FAA177-1D64-4F99-941A-29353102BBAF', '2014-04-21 11:36:36', '1111', 'Wu113621'),
(126, '1234', '2014-04-21 11:39:22', '1111', 'trem0707'),
(127, 'FFF0A249-9B7A-45DE-B4F8-A3B970EE9791', '2014-04-21 11:41:32', '1111', 'Wu114121'),
(128, '123456', '2014-04-21 12:00:10', '4271', 'Fat12345'),
(129, 'B100D40A-B481-4E59-9491-0315601872E3', '2014-04-21 12:26:35', '1111', 'Wutest12'),
(130, '1234', '2014-04-21 12:30:15', '1111', 'abbb1111'),
(131, '1234', '2014-04-21 12:32:10', '1111', 'demi2014'),
(132, 'acb123', '2014-04-21 12:34:55', '2111', 'dave4052'),
(133, 'abcdef123456', '2014-04-21 12:44:51', '1234', 'mazz0018'),
(134, '1234', '2014-04-21 12:47:58', '1111', 'demi1111'),
(135, '123456', '2014-04-21 12:54:58', '2271', 'Juy12343'),
(136, '1234', '2014-04-21 13:02:43', '1111', 'Tiger007'),
(137, '12321321321', '2014-04-21 13:08:23', '1111', '12341234'),
(138, '1234', '2014-04-21 13:09:10', '1111', 'Potato12'),
(139, 'undefined', '2014-04-21 13:13:04', '1111', 'abbb1111'),
(140, '1234', '2014-04-21 13:14:07', '1111', 'Bacon123'),
(141, 'A0088DBF-28B8-41D0-8824-62A9E342E5BA', '2014-04-21 13:14:33', '5271', 'Gfrd1234'),
(142, 'undefined', '2014-04-21 13:15:27', '1111', 'Bacon007'),
(143, 'undefined', '2014-04-21 13:16:18', '1111', 'Bacon666'),
(144, 'undefined', '2014-04-21 13:17:40', '1111', 'Bacon111'),
(145, '1234', '2014-04-21 13:19:00', '1111', 'Cat12345'),
(146, '1', '2014-04-21 13:28:59', '1234', 'megh2345'),
(147, '1', '2014-04-21 13:37:16', '1111', 'kkkk7654'),
(148, '1', '2014-04-21 13:38:30', '1111', 'hhhh8888'),
(149, '148A3C55-67A7-5D83-F745-23F15278B9AA', '2014-04-21 13:40:19', '1234', 'qwertyui'),
(150, '6350E509-E640-4386-958A-F28ACBF448', '2014-04-21 13:42:30', '1111', 'orenhars'),
(151, '6350E509-E640-4386-958A-F28ACBF448', '2014-04-21 13:44:52', '1111', 'oreokoko'),
(152, '148A3C55-67A7-5D83-F745-23F15278B9AA', '2014-04-21 13:46:11', '1234', 'etydydrd'),
(153, '1', '2014-04-21 13:46:18', '1234', 'Megh8900'),
(156, '6350E509-E640-4386-958A-F28ACBF448', '2014-04-21 13:51:11', '1111', 'kjui1234'),
(157, '1', '2014-04-21 13:53:54', '1234', 'Meghn123'),
(158, '1F8ACE7E-4CAF-4D11-B715-C5FE509D18FD', '2014-04-21 13:55:13', '1111', 'okto0002'),
(159, '1', '2014-04-21 13:55:36', '1234', 'Meghna63'),
(160, '6350E509-E640-4386-958A-F28ACBF448', '2014-04-21 13:55:45', '1111', 'oreohass'),
(161, '6350E509-E640-4386-958A-F28ACBF448', '2014-04-21 13:56:53', '1111', 'oreoharr'),
(162, '6350E509-E640-4386-958A-F28ACBF448', '2014-04-21 13:58:44', '1111', 'oreohars'),
(163, '6350E509-E640-4386-958A-F28ACBF448', '2014-04-21 14:02:27', '1111', 'orenoren'),
(164, '1', '2014-04-21 14:03:59', '1234', 'Meghna49'),
(165, '6350E509-E640-4386-958A-F28ACBF448', '2014-04-21 14:04:20', '1111', 'orenores'),
(166, '12321321321', '2014-04-21 14:05:01', '1111', 'wutest32'),
(167, '12321321321', '2014-04-21 14:06:53', '1111', 'yi32test'),
(168, '1234', '2014-04-21 14:06:56', '1111', 'bacon333'),
(169, '1234', '2014-04-21 14:08:11', '1111', 'lame2014'),
(171, '1234', '2014-04-21 14:10:17', '1111', 'Lame0123'),
(172, '98D06959-715A-472D-901F-30E19AF14FA1', '2014-04-21 14:13:41', '5271', 'Davi0534'),
(173, '8BED2B92-8913-4052-B71A-116D9977A80B', '2014-04-21 14:16:50', '1111', 'john0957'),
(174, '191ADB5D-996F-4F5A-964E-DA392E81D3A8', '2014-04-21 14:17:20', '1111', 'okto0001'),
(175, '1234', '2014-04-21 14:18:11', '1111', 'Abcd7777'),
(176, '85000e7c36ab2555', '2014-04-21 14:18:43', '1111', 'made9999'),
(177, '1', '2014-04-21 14:19:00', '1244', 'Megha124'),
(179, '1234', '2014-04-21 14:20:42', '1111', 'Demi6666'),
(181, '1234', '2014-04-21 14:23:34', '1111', 'Lame1111'),
(183, '250C3D55-66F7-4D83-A780-23F15278C9BB', '2014-04-21 14:27:06', '1111', 'hill0243'),
(184, 'ebc244e49936505f', '2014-04-21 14:27:48', '5555', 'rolando1'),
(185, 'A1A9A5C0-C996-442B-96FC-C1A471405614', '2014-04-21 14:27:50', '2271', 'KirkD123'),
(186, 'undefined', '2014-04-21 14:27:52', '3568', 'richjack'),
(187, '1234', '2014-04-21 14:29:01', '1111', 'Lane2014'),
(188, '250C3D55-66F7-4D83-A780-23F15278C9BB', '2014-04-21 14:29:43', '1111', 'coul0001'),
(189, '1', '2014-04-21 14:29:55', '1234', 'mk234451'),
(190, '1234', '2014-04-21 14:31:49', '1111', 'Esti2014'),
(191, '1', '2014-04-21 14:32:28', '1234', 'Megh0908'),
(192, '33befb59c121c6e1', '2014-04-21 14:32:47', '1234', 'wieg0001'),
(193, '33befb59c121c6e1', '2014-04-21 14:33:11', '1234', 'wieg0052'),
(194, '33befb59c121c6e1', '2014-04-21 14:34:06', '8885', 'qwertyyi'),
(195, '143F10C8-DC45-4040-81EA-204D745EE00C', '2014-04-21 14:34:08', '5555', 'rolando1'),
(196, '5C5A6181-549B-4FB6-8662-DEE01E79DBD8', '2014-04-21 14:37:55', '1111', 'Okto0003'),
(197, '8764F13A-E8B7-45B6-AF53-1A0AB89866F6', '2014-04-21 14:39:58', 'qwer', 'Abcd0001'),
(198, '250C3D55-66F7-4D83-A780-23F15278C9BB', '2014-04-21 14:40:16', '1111', 'Coul1111'),
(199, '1234', '2014-04-21 14:40:33', '1111', 'poop1234'),
(200, 'EBE862BD-06E4-48DD-BACC-D9673B2AB215', '2014-04-21 14:41:33', '1111', 'Testwu83'),
(201, '9F00A3FA-A42D-4E78-906D-6EA9891F0B46', '2014-04-21 14:42:20', 'uuuu', 'Guno0000'),
(202, '2fac46995d39ecf6', '2014-04-21 14:42:45', '5555', 'rolando1'),
(203, '250C3D55-66F7-4D83-A780-23F15278C9BB', '2014-04-21 14:42:52', '1111', 'Coul3333'),
(204, '0D0F4812-978A-4187-9CCE-3FE519F2096E', '2014-04-21 14:42:54', '1111', 'beck2222'),
(205, '267b3500dc4e5316', '2014-04-21 14:46:36', '5555', 'rolando1'),
(206, '148A3C55-67A7-5D83-F745-23F15278B9AA', '2014-04-21 14:47:24', '1234', 'Chato38a'),
(207, '1', '2014-04-21 14:47:50', '1234', 'Mk123467'),
(208, '1', '2014-04-21 14:50:21', '1234', 'Mjfgh124'),
(209, '33befb59c121c6e1', '2014-04-21 14:51:40', '5555', 'rolando1'),
(211, '1', '2014-04-21 14:53:23', '1111', 'Aaaa1111'),
(212, '148A3C55-67A7-5D83-F745-23F15278B9AA', '2014-04-21 14:57:27', '0018', 'ewfyiyfi'),
(213, '1', '2014-04-21 14:59:01', '1235', 'Megh0906'),
(214, '1234', '2014-04-21 15:00:17', '1111', 'Demi0999'),
(216, 'B6C3FF4B-D19F-4A3C-A31E-29F328C6B7B3', '2014-04-21 15:04:03', '1111', 'Beck1111'),
(217, '1', '2014-04-21 15:04:07', '1114', 'Abcd1114'),
(219, '77667DB0-6568-49A7-A913-9B900D8DF894', '2014-04-21 15:04:53', '1111', 'beck1111'),
(220, 'CCC21159-3B7B-4530-B64F-A3A681ECF70B', '2014-04-21 15:08:18', 'aaaa', 'AbcdPppp'),
(221, '6350E509-E640-4386-958A-F28ACBF448', '2014-04-21 15:08:27', '1111', 'orenharl'),
(222, 'mI0A0Im', '2014-04-21 15:09:26', '1111', 'wwww1111'),
(224, '5A22806C-DE8C-4944-857D-EB39A691B11F', '2014-04-21 15:10:24', 'qwer', 'Abcd0001'),
(225, 'mI0A0Im', '2014-04-21 15:15:22', '1111', 'eeee1111'),
(226, '1', '2014-04-21 15:18:04', '1234', 'Hk123456'),
(227, '1A8276B1-C490-4829-9BE6-6A23D907A1F8', '2014-04-21 15:44:30', '1111', 'Biss0185'),
(228, 'F416C7B9-081B-4690-B0CA-F201162EF9DB', '2014-04-21 15:44:59', '1111', 'biss0181'),
(229, '1', '2014-04-21 15:45:29', '1246', 'Meghas34'),
(230, '62961CD9-7100-4701-8973-DE028A8298B8', '2014-04-21 15:46:32', 'qwer', 'Qwet0001'),
(231, '1', '2014-04-21 15:47:25', '1245', 'Megha467'),
(233, 'C9E69DD5-B085-47B1-B79D-52D313775CED', '2014-04-21 15:49:40', '1234', 'efwgtrtw'),
(235, '21212121', '2014-04-21 15:50:57', '1111', 'testwu21'),
(236, '2DC38D03-C851-4677-8560-1B7535FB1EA6', '2014-04-21 15:55:30', '1111', 'Wuyi2112'),
(237, '33befb59c121c6e1', '2014-04-21 15:59:54', '5555', 'rolandi1'),
(239, 'F75ADF57-4341-4903-9482-3509227F9255', '2014-04-21 16:07:43', '1111', 'abcd1234'),
(240, '91A2E5C3-36F3-4183-B91B-0B0FA92DF142', '2014-04-21 16:07:45', '1111', 'Demi1994'),
(241, 'cfe0e7e8133c75cf', '2014-04-21 16:08:16', '1111', 'Test0987'),
(243, 'undefined', '2014-04-21 16:10:27', '1111', 'Demi9898'),
(245, 'undefined', '2014-04-21 16:11:07', '1111', 'potato11'),
(246, '4F5081C8-BAE5-4AA8-80CD-FA0959932CF4', '2014-04-21 16:11:08', '1234', 'Qwer1234'),
(247, 'undefined', '2014-04-21 16:12:59', '1111', 'potato99'),
(248, 'undefined', '2014-04-21 16:14:26', '1111', 'potato00'),
(249, '7C8077AD-2C48-4D9A-BC5F-CD95B5CDF1AE', '2014-04-21 16:14:33', '3458', 'Asdf1234'),
(250, 'undefined', '2014-04-21 16:14:41', '1111', 'potato01'),
(251, '1', '2014-04-21 16:14:52', '1234', 'meghnaaa'),
(253, '6350E509-E640-4386-958A-F28ACBF448', '2014-04-21 16:19:27', '1111', 'orendans'),
(254, 'B686D9BA-1846-4BEE-A6BC-FCB5D6C43A04', '2014-04-21 16:22:44', '5555', 'rolando1'),
(255, 'abcdef123456', '2014-04-21 16:23:01', '1111', 'waaa1111'),
(256, 'abcdef123456', '2014-04-21 16:23:17', '1234', 'mazz0014'),
(258, 'baf62ce83045eec56c2d5b6a71fedbddb365ba73', '2014-04-21 16:29:17', '1111', 'john0957'),
(260, 'F4B34B03-DF4A-4C02-9F31-8605D497EF0C', '2014-04-21 16:35:17', '1234', 'Meghna56'),
(261, '0A9D8050-45AD-42D7-B348-A3B633CEC7C8', '2014-04-21 16:38:13', '2356', 'Meghna45'),
(262, 'C420B577-66EC-4B17-BBE8-9C320A8CE522', '2014-04-21 16:41:23', '3232', 'Meghna55'),
(263, 'ea178bf8b97a2a40', '2014-04-21 16:43:11', '1111', 'weer1111'),
(264, '499DFD0E-FCAA-4B5B-A3E4-96C9A13C2CA1', '2014-04-21 16:44:53', '1234', 'Megh0011'),
(265, '33befb59c121c6e1', '2014-04-21 16:46:14', '1111', 'danw1111'),
(266, 'abcdef120393', '2014-04-21 16:48:09', '2111', 'macd0719'),
(267, '267b3500dc4e5316', '2014-04-21 16:55:25', '1111', 'richjack'),
(268, 'mI0A0Im', '2014-04-21 16:58:51', '1111', 'cccc1111'),
(269, '94EF1C46-872A-45B8-AC1B-DB96FF1E7AFD', '2014-04-21 16:59:41', '1111', 'Zxcv1234'),
(270, 'mI0A0Im', '2014-04-21 17:07:43', '1244', 'Tyi34678'),
(273, '4F512DDE-9099-4796-96B3-6ED90042371B', '2014-04-21 17:17:43', '1111', 'Beck0159'),
(275, '21212121', '2014-04-21 17:30:56', '1111', 'lasttest'),
(276, '6616F890-8B25-4657-85C1-806140AFED66', '2014-04-21 17:36:41', '1111', 'yuan0035'),
(277, '6350E509-E640-4386-958A-F28ACBF448', '2014-04-21 17:40:09', '1111', 'orendann'),
(279, 'EB826B44-7394-4E76-A46C-C1E3735B14C6', '2014-04-21 17:45:23', '1111', 'yuan0035'),
(280, 'EA4224B3-3371-4C0A-9AD3-223AC6EAD376', '2014-04-21 17:47:31', '1111', 'yuan0035'),
(281, '66149EC8-490E-4F33-AB4C-7FEBE6A544CF', '2014-04-21 17:48:33', '1111', 'Testwu79'),
(282, '02557A8A-CD71-4434-95D9-6F93C44B2EAA', '2014-04-21 17:49:19', '1111', 'yuan0035'),
(283, '3', '2014-04-21 17:49:24', '0001', 'Egun0001'),
(284, '4DDAADCC-4538-4AEE-8C21-1543411E45B4', '2014-04-21 17:51:06', '1111', 'Yuan0035'),
(285, '21212121', '2014-04-21 17:52:11', '1111', 'test32wu'),
(286, '3A6A3129-80A8-43C3-99A4-B1D6F42B61CA', '2014-04-21 17:55:55', '1111', 'Testla21'),
(287, '39062B9A-FD42-4389-917E-2F4F3959D93D', '2014-04-21 17:59:04', '1234', 'Meghna22'),
(288, 'B5F2E75C-3C15-4CC8-A415-47C0923CE7C3', '2014-04-21 18:03:38', '1345', 'Meghna33'),
(289, 'E62705ED-97D8-468D-B379-F8BB2FFBCBAD', '2014-04-21 18:07:28', '1111', 'Twoty213'),
(291, '21212121', '2014-04-21 18:28:18', '1111', 'toggle21'),
(292, 'dhff343jhjdshf', '2014-04-21 18:54:26', '1111', 'test1234'),
(293, '724d6e844d798766', '2014-04-21 18:56:09', '1244', 'jackrich'),
(294, '1', '2014-04-21 19:18:51', '1234', 'Mkmk1234'),
(295, '724d6e844d798766', '2014-04-21 19:43:28', '2222', 'hhhhhhhh'),
(296, '1', '2014-04-21 19:44:58', '1234', 'meghna00'),
(297, '1', '2014-04-21 19:46:20', '1234', 'meghna09'),
(298, 'B531EF97-2BE4-4BEE-A55B-DF6ADBB34FBC', '2014-04-21 19:46:28', '1547', 'Baph1234'),
(299, '1', '2014-04-21 20:00:46', '1234', 'megh1990'),
(300, 'F17B4054-DE97-44A7-AB8F-713E440826C1', '2014-04-21 20:21:42', '1547', 'Asdfghjk'),
(301, '21212121', '2014-04-21 20:43:20', '1111', 'retest12'),
(302, '123456789', '2014-04-21 21:12:56', '1212', 'wasdfggg'),
(303, 'DEDB340C-B318-42FA-A2D7-3FB84F686E91', '2014-04-21 22:40:12', '1245', 'Wertyuio'),
(304, '968FD618-EAE3-41D0-8883-C7D82CA31CF2', '2014-04-21 23:11:17', '1542', 'Reabasaa'),
(305, '24C6CACB-FEC4-412A-BDEC-A620DC88ADB5', '2014-04-22 00:14:04', '1542', 'Tacosals'),
(306, '21212121', '2014-04-22 07:57:37', '1111', 'test22es'),
(307, 'DEDB39D0-9F63-44EE-A1B4-1821B5751FBF', '2014-04-22 08:04:41', '1111', '840testy'),
(308, '21212121', '2014-04-22 08:52:07', '1111', 'testyi08'),
(309, '5FF5383E-C3C7-4691-9063-45D599F89F8E', '2014-04-22 09:14:06', '1111', 'Yuan0035'),
(310, '02CF2823-80E5-4D60-84F9-573D9AF9F9C6', '2014-04-22 09:16:53', '1111', 'yuan0035'),
(311, '930CC851-370F-464E-83F9-AFB18CD5C712', '2014-04-22 10:17:29', '1111', 'Lsttest1'),
(312, '3B8F5F6F-E997-4A94-852A-1B2B11BA3B56', '2014-04-22 10:32:14', '1111', 'Yuan0035'),
(313, 'C2EBD5FA-EF22-4C26-8B65-BF55795E1AE6', '2014-04-22 10:39:53', '1111', 'Yuan0035'),
(314, 'FB614A5C-649C-4C89-B05C-ECEF94F57DED', '2014-04-22 11:11:30', '1111', 'okto0001'),
(316, 'D8B2F7E3-7AD4-43A2-A58D-53CB5D5E12B5', '2014-04-22 11:28:05', '1111', 'okto0001'),
(318, '14C6C389-98BF-4ACA-B58A-D25ACCF4883F', '2014-04-22 11:31:12', '1111', 'Yuan0035'),
(320, '626F49F8-F0BC-4DDE-98A8-98AC7C1C9985', '2014-04-22 11:54:18', '1234', 'Megh0011'),
(322, 'asdffgdgfdhgfhgfhgf1234', '2014-04-22 12:09:27', '1234', 'Butl0042'),
(323, 'abcdef120393', '2014-04-22 12:43:18', '2111', 'ianm0719'),
(324, '6350E509-E640-4386-958A-F28ACBF448', '2014-04-22 12:44:55', '1111', 'Orenharr'),
(325, '471D85CB-BAE1-43A5-BB58-B86086CA37B8', '2014-04-22 12:49:24', '1584', 'Walkuyit'),
(326, '44e8f6c865dfb08f', '2014-04-22 12:59:31', '1111', 'android1'),
(327, '33D3D9CE-21DA-46B9-92EC-640FD9B242F6', '2014-04-22 12:59:45', '2154', 'Walk0122'),
(328, '6749DA64-BA88-4F33-9794-36BF9ACC36CB', '2014-04-22 13:14:43', '1254', 'Wa091234'),
(329, '44e8f6c865dfb08f', '2014-04-22 13:17:35', '1111', 'android2'),
(330, 'CA1AE1CE-3D61-4955-BD43-7D4B297FE6C9', '2014-04-22 13:17:39', '2314', 'Wasdfghw'),
(331, '6350E509-E640-4386-958A-F28ACBF448', '2014-04-22 13:29:17', '1111', 'orenharn'),
(332, '21212121', '2014-04-22 13:40:08', '1111', 'forfunyi'),
(333, '6350E509-E640-4386-958A-F28ACBF448', '2014-04-22 13:45:57', '1111', 'orenharb'),
(334, '6350E509-E640-4386-958A-F28ACBF448', '2014-04-22 13:53:54', '1111', 'orenjake'),
(335, '6350E509-E640-4386-958A-F28ACBF448', '2014-04-22 13:58:55', '1111', 'Orenjakr'),
(336, 'EF92B039-EE10-434F-8F34-1F2F253E9F38', '2014-04-22 13:59:36', '2542', 'Walkouts'),
(337, '3CC4A315-3BBC-44E8-91F1-EEC4339315AE', '2014-04-22 14:08:38', '1458', 'Qwertytr'),
(338, 'C0D1A664-C50B-4D28-85E4-E3098F07C247', '2014-04-22 14:12:34', '1548', 'Asdfcvbn'),
(339, '6350E509-E640-4386-958A-F28ACBF448', '2014-04-22 14:18:59', '1111', 'orenjakt'),
(340, '6350E509-E640-4386-958A-F28ACBF448', '2014-04-22 14:21:56', '1111', 'Orenjaed'),
(341, '6350E509-E640-4386-958A-F28ACBF448', '2014-04-22 14:26:44', '1111', 'orenjaaa'),
(342, '6350E509-E640-4386-958A-F28ACBF448', '2014-04-22 14:28:15', '1111', 'orenjaar'),
(343, '6350E509-E640-4386-958A-F28ACBF448', '2014-04-22 14:32:18', '1111', 'orenjare'),
(344, '6350E509-E640-4386-958A-F28ACBF448', '2014-04-22 14:34:14', '1111', 'orenjars'),
(345, '6350E509-E640-4386-958A-F28ACBF448', '2014-04-22 14:36:47', '1111', 'orenjart'),
(346, '6350E509-E640-4386-958A-F28ACBF448', '2014-04-22 14:37:59', '1111', 'orenjais'),
(347, '6350E509-E640-4386-958A-F28ACBF448', '2014-04-22 14:38:34', '1111', 'orentest'),
(348, '6350E509-E640-4386-958A-F28ACBF448', '2014-04-22 14:38:51', '1111', 'orentesu'),
(349, '031523C1-EFBB-4496-A36E-D67663796CE4', '2014-04-22 15:31:23', '2111', 'ianm0009'),
(350, '21212121', '2014-04-22 16:17:23', '1111', 'test1234'),
(351, '031523C1-EFBB-4496-A36E-D67663796CE4', '2014-04-22 17:06:41', '2111', 'ian12345'),
(352, '031523C1-EFBB-4496-A36E-D67663796CE4', '2014-04-22 17:33:33', '2111', 'ianmac99'),
(353, 'mI0A0Im', '2014-04-22 17:43:22', '2222', 'rrrr1111'),
(354, '5772324A-83BA-48B4-922F-472B81CB3B4F', '2014-04-23 09:02:40', '7845', 'Sadsadee'),
(355, '31C6B48E-3CC1-4093-B7CD-1AD8E608E845', '2014-04-23 16:56:08', '5555', 'rolando1'),
(356, 'abcdef123456', '2014-04-23 18:04:55', '2111', 'macd0719'),
(357, 'abcdef123456', '2014-04-23 18:14:39', '2111', 'macd9111'),
(358, 'abcdef123456', '2014-04-23 18:23:28', '2111', 'bobb4050'),
(359, '6a9553a07c9f8163', '2014-04-23 20:21:29', '5555', 'rolando1'),
(360, '031523C1-EFBB-4496-A36E-D67663796CE4', '2014-04-24 12:26:10', '2111', 'qftv0910'),
(361, 'CFB76AC3-60D2-401F-9E7B-1AEE33DEBF20', '2014-04-26 14:14:08', 'qwer', 'Zhou0100'),
(365, '728EEFD2-DA9E-4CBA-B952-E06403AFB4E4', '2014-04-27 16:17:25', '1111', 'Beck1111'),
(366, '2898A186-A0D0-4E6C-9039-1E5DF617C7AD', '2014-04-27 16:24:16', '1111', 'Biss0180'),
(367, '728EEFD2-DA9E-4CBA-B952-E06403AFB4E4', '2014-04-27 18:03:36', '1111', 'Hill0243'),
(370, 'B686D9BA-1846-4BEE-A6BC-FCB5D6C43A04', '2014-04-27 20:24:10', '1111', 'Rami0059'),
(376, '250C3D55-66F7-4D83-A780-23F15278C9BB', '2014-04-28 16:50:27', '1111', 'Grif1111'),
(377, '6350E509-E640-4386-958A-F28ACBF448', '2014-04-28 17:49:24', '2222', 'Grif2222'),
(378, '728EEFD2-DA9E-4CBA-B952-E06403AFB4E4', '2014-04-28 19:13:26', '1111', 'Grif1111'),
(379, '621564A6-8B36-453B-B753-5D76A7856645', '2014-04-28 22:17:57', '3333', 'Grif3333'),
(380, '621564A6-8B36-453B-B753-5D76A7856645', '2014-04-28 23:14:24', '4444', 'grif4444'),
(381, 'mI0A0Im', '2014-04-29 00:14:19', '4444', 'Grif4444'),
(382, '621564A6-8B36-453B-B753-5D76A7856645', '2014-04-29 00:25:56', '5555', 'Grif5555'),
(383, '267b3500dc4e5316', '2014-04-29 11:03:11', '6666', 'grif6666'),
(384, 'ea178bf8b97a2a40', '2014-04-29 11:30:25', '1111', 'grif7777'),
(385, 'f3b084efd5b3f94', '2014-04-29 16:02:01', '1111', 'grif8888'),
(386, '33befb59c121c6e1', '2014-04-29 18:20:56', '9999', 'grif9999'),
(387, '5772324A-83BA-48B4-922F-472B81CB3B4F', '2014-04-30 14:00:50', '1257', 'Wasdrtyu'),
(388, 'AF4C314B-0AFC-49CD-A00B-6F5A83496BA4', '2014-05-03 13:01:48', '1111', 'yuan0035'),
(389, '1AF3683F-376E-47B0-9C0E-4CB104A46168', '2014-05-19 11:55:02', '1111', 'okto0001'),
(390, '1.2345678910111213e 30', '2014-05-23 16:52:02', '1234', 'yuan0033'),
(391, '3912AB3C-ADBF-4B73-A5E7-54C305464358', '2014-05-26 18:24:49', '1234', 'zhou0100'),
(392, 'A57C865C-D4D3-4C15-8C94-643DAEF3F60C', '2014-05-26 18:27:31', '1234', 'Zhou0100'),
(393, '8B9769A8-5465-4920-8F38-90A101940486', '2014-05-28 14:48:51', '1234', 'Zhou0100'),
(394, '929c31a0cf02895b', '2014-07-30 16:33:44', '1234', '12345678');

-- --------------------------------------------------------

--
-- Table structure for table `final_home_items`
--

CREATE TABLE IF NOT EXISTS `final_home_items` (
  `line_id` int(10) unsigned NOT NULL auto_increment,
  `home_id` int(10) unsigned NOT NULL,
  `setting_id` int(10) unsigned NOT NULL,
  `value` tinyint(3) unsigned NOT NULL,
  PRIMARY KEY  (`line_id`)
) ENGINE=InnoDB  DEFAULT CHARSET=utf8 AUTO_INCREMENT=7901 ;

--
-- Dumping data for table `final_home_items`
--

INSERT INTO `final_home_items` (`line_id`, `home_id`, `setting_id`, `value`) VALUES
(1, 32, 1, 1),
(2, 32, 2, 1),
(3, 32, 3, 1),
(4, 32, 4, 0),
(5, 32, 5, 1),
(6, 32, 6, 1),
(7, 32, 7, 1),
(8, 32, 8, 0),
(9, 32, 9, 1),
(10, 32, 10, 0),
(11, 32, 11, 1),
(12, 32, 12, 0),
(13, 32, 13, 1),
(14, 32, 14, 0),
(15, 32, 15, 1),
(16, 32, 16, 1),
(17, 32, 17, 1),
(18, 32, 18, 0),
(19, 32, 19, 0),
(20, 32, 20, 19),
(21, 1, 1, 1),
(22, 1, 2, 1),
(23, 1, 3, 1),
(24, 1, 4, 0),
(25, 1, 5, 1),
(26, 1, 6, 1),
(27, 1, 7, 1),
(28, 1, 8, 0),
(29, 1, 9, 1),
(30, 1, 10, 0),
(31, 1, 11, 1),
(32, 1, 12, 0),
(33, 1, 13, 1),
(34, 1, 14, 0),
(35, 1, 15, 0),
(36, 1, 16, 1),
(37, 1, 17, 0),
(38, 1, 18, 1),
(39, 1, 19, 0),
(40, 1, 20, 19),
(41, 2, 1, 1),
(42, 2, 2, 1),
(43, 2, 3, 0),
(44, 2, 4, 0),
(45, 2, 5, 1),
(46, 2, 6, 1),
(47, 2, 7, 1),
(48, 2, 8, 0),
(49, 2, 9, 1),
(50, 2, 10, 0),
(51, 2, 11, 1),
(52, 2, 12, 1),
(53, 2, 13, 1),
(54, 2, 14, 0),
(55, 2, 15, 1),
(56, 2, 16, 1),
(57, 2, 17, 1),
(58, 2, 18, 0),
(59, 2, 19, 0),
(60, 2, 20, 19),
(61, 3, 1, 0),
(62, 3, 2, 0),
(63, 3, 3, 0),
(64, 3, 4, 0),
(65, 3, 5, 0),
(66, 3, 6, 1),
(67, 3, 7, 0),
(68, 3, 8, 0),
(69, 3, 9, 1),
(70, 3, 10, 0),
(71, 3, 11, 1),
(72, 3, 12, 1),
(73, 3, 13, 0),
(74, 3, 14, 0),
(75, 3, 15, 0),
(76, 3, 16, 1),
(77, 3, 17, 0),
(78, 3, 18, 1),
(79, 3, 19, 1),
(80, 3, 20, 37),
(81, 4, 1, 1),
(82, 4, 2, 1),
(83, 4, 3, 1),
(84, 4, 4, 1),
(85, 4, 5, 1),
(86, 4, 6, 1),
(87, 4, 7, 1),
(88, 4, 8, 0),
(89, 4, 9, 1),
(90, 4, 10, 0),
(91, 4, 11, 1),
(92, 4, 12, 0),
(93, 4, 13, 1),
(94, 4, 14, 0),
(95, 4, 15, 1),
(96, 4, 16, 1),
(97, 4, 17, 1),
(98, 4, 18, 0),
(99, 4, 19, 0),
(100, 4, 20, 19),
(101, 5, 1, 1),
(102, 5, 2, 1),
(103, 5, 3, 1),
(104, 5, 4, 0),
(105, 5, 5, 1),
(106, 5, 6, 0),
(107, 5, 7, 1),
(108, 5, 8, 0),
(109, 5, 9, 1),
(110, 5, 10, 1),
(111, 5, 11, 0),
(112, 5, 12, 1),
(113, 5, 13, 0),
(114, 5, 14, 1),
(115, 5, 15, 1),
(116, 5, 16, 1),
(117, 5, 17, 1),
(118, 5, 18, 1),
(119, 5, 19, 0),
(120, 5, 20, 19),
(121, 6, 1, 1),
(122, 6, 2, 1),
(123, 6, 3, 1),
(124, 6, 4, 0),
(125, 6, 5, 1),
(126, 6, 6, 1),
(127, 6, 7, 1),
(128, 6, 8, 0),
(129, 6, 9, 1),
(130, 6, 10, 0),
(131, 6, 11, 1),
(132, 6, 12, 0),
(133, 6, 13, 1),
(134, 6, 14, 0),
(135, 6, 15, 1),
(136, 6, 16, 1),
(137, 6, 17, 1),
(138, 6, 18, 0),
(139, 6, 19, 0),
(140, 6, 20, 19),
(141, 7, 1, 1),
(142, 7, 2, 1),
(143, 7, 3, 1),
(144, 7, 4, 0),
(145, 7, 5, 1),
(146, 7, 6, 1),
(147, 7, 7, 1),
(148, 7, 8, 0),
(149, 7, 9, 1),
(150, 7, 10, 0),
(151, 7, 11, 1),
(152, 7, 12, 0),
(153, 7, 13, 1),
(154, 7, 14, 0),
(155, 7, 15, 1),
(156, 7, 16, 0),
(157, 7, 17, 1),
(158, 7, 18, 0),
(159, 7, 19, 0),
(160, 7, 20, 19),
(161, 8, 1, 1),
(162, 8, 2, 1),
(163, 8, 3, 0),
(164, 8, 4, 0),
(165, 8, 5, 1),
(166, 8, 6, 1),
(167, 8, 7, 0),
(168, 8, 8, 1),
(169, 8, 9, 0),
(170, 8, 10, 1),
(171, 8, 11, 1),
(172, 8, 12, 0),
(173, 8, 13, 0),
(174, 8, 14, 0),
(175, 8, 15, 0),
(176, 8, 16, 1),
(177, 8, 17, 1),
(178, 8, 18, 0),
(179, 8, 19, 1),
(180, 8, 20, 34),
(181, 9, 1, 1),
(182, 9, 2, 0),
(183, 9, 3, 0),
(184, 9, 4, 1),
(185, 9, 5, 0),
(186, 9, 6, 1),
(187, 9, 7, 1),
(188, 9, 8, 1),
(189, 9, 9, 1),
(190, 9, 10, 1),
(191, 9, 11, 1),
(192, 9, 12, 0),
(193, 9, 13, 1),
(194, 9, 14, 1),
(195, 9, 15, 0),
(196, 9, 16, 1),
(197, 9, 17, 0),
(198, 9, 18, 0),
(199, 9, 19, 1),
(200, 9, 20, 22),
(201, 10, 1, 1),
(202, 10, 2, 1),
(203, 10, 3, 1),
(204, 10, 4, 0),
(205, 10, 5, 1),
(206, 10, 6, 1),
(207, 10, 7, 1),
(208, 10, 8, 0),
(209, 10, 9, 1),
(210, 10, 10, 0),
(211, 10, 11, 1),
(212, 10, 12, 0),
(213, 10, 13, 0),
(214, 10, 14, 0),
(215, 10, 15, 1),
(216, 10, 16, 1),
(217, 10, 17, 1),
(218, 10, 18, 0),
(219, 10, 19, 0),
(220, 10, 20, 19),
(221, 11, 1, 1),
(222, 11, 2, 1),
(223, 11, 3, 1),
(224, 11, 4, 0),
(225, 11, 5, 1),
(226, 11, 6, 1),
(227, 11, 7, 1),
(228, 11, 8, 0),
(229, 11, 9, 1),
(230, 11, 10, 0),
(231, 11, 11, 1),
(232, 11, 12, 0),
(233, 11, 13, 1),
(234, 11, 14, 0),
(235, 11, 15, 1),
(236, 11, 16, 1),
(237, 11, 17, 1),
(238, 11, 18, 0),
(239, 11, 19, 0),
(240, 11, 20, 19),
(241, 12, 1, 1),
(242, 12, 2, 1),
(243, 12, 3, 1),
(244, 12, 4, 1),
(245, 12, 5, 1),
(246, 12, 6, 1),
(247, 12, 7, 1),
(248, 12, 8, 1),
(249, 12, 9, 1),
(250, 12, 10, 1),
(251, 12, 11, 1),
(252, 12, 12, 1),
(253, 12, 13, 1),
(254, 12, 14, 1),
(255, 12, 15, 1),
(256, 12, 16, 1),
(257, 12, 17, 1),
(258, 12, 18, 1),
(259, 12, 19, 1),
(260, 12, 20, 18),
(261, 13, 1, 0),
(262, 13, 2, 0),
(263, 13, 3, 0),
(264, 13, 4, 0),
(265, 13, 5, 0),
(266, 13, 6, 0),
(267, 13, 7, 0),
(268, 13, 8, 0),
(269, 13, 9, 0),
(270, 13, 10, 0),
(271, 13, 11, 0),
(272, 13, 12, 0),
(273, 13, 13, 0),
(274, 13, 14, 0),
(275, 13, 15, 0),
(276, 13, 16, 0),
(277, 13, 17, 0),
(278, 13, 18, 0),
(279, 13, 19, 0),
(280, 13, 20, 18),
(281, 14, 1, 1),
(282, 14, 2, 1),
(283, 14, 3, 1),
(284, 14, 4, 0),
(285, 14, 5, 1),
(286, 14, 6, 1),
(287, 14, 7, 1),
(288, 14, 8, 0),
(289, 14, 9, 1),
(290, 14, 10, 0),
(291, 14, 11, 1),
(292, 14, 12, 0),
(293, 14, 13, 1),
(294, 14, 14, 0),
(295, 14, 15, 1),
(296, 14, 16, 1),
(297, 14, 17, 1),
(298, 14, 18, 0),
(299, 14, 19, 0),
(300, 14, 20, 19),
(301, 15, 1, 1),
(302, 15, 2, 0),
(303, 15, 3, 1),
(304, 15, 4, 0),
(305, 15, 5, 1),
(306, 15, 6, 0),
(307, 15, 7, 0),
(308, 15, 8, 1),
(309, 15, 9, 0),
(310, 15, 10, 0),
(311, 15, 11, 1),
(312, 15, 12, 1),
(313, 15, 13, 0),
(314, 15, 14, 1),
(315, 15, 15, 0),
(316, 15, 16, 0),
(317, 15, 17, 0),
(318, 15, 18, 1),
(319, 15, 19, 1),
(320, 15, 20, 78),
(321, 16, 1, 1),
(322, 16, 2, 1),
(323, 16, 3, 1),
(324, 16, 4, 0),
(325, 16, 5, 1),
(326, 16, 6, 1),
(327, 16, 7, 1),
(328, 16, 8, 0),
(329, 16, 9, 1),
(330, 16, 10, 0),
(331, 16, 11, 1),
(332, 16, 12, 0),
(333, 16, 13, 1),
(334, 16, 14, 0),
(335, 16, 15, 1),
(336, 16, 16, 1),
(337, 16, 17, 1),
(338, 16, 18, 0),
(339, 16, 19, 0),
(340, 16, 20, 19),
(341, 17, 1, 1),
(342, 17, 2, 0),
(343, 17, 3, 1),
(344, 17, 4, 0),
(345, 17, 5, 1),
(346, 17, 6, 1),
(347, 17, 7, 1),
(348, 17, 8, 0),
(349, 17, 9, 1),
(350, 17, 10, 0),
(351, 17, 11, 1),
(352, 17, 12, 0),
(353, 17, 13, 1),
(354, 17, 14, 0),
(355, 17, 15, 1),
(356, 17, 16, 1),
(357, 17, 17, 1),
(358, 17, 18, 0),
(359, 17, 19, 1),
(360, 17, 20, 20),
(361, 18, 1, 1),
(362, 18, 2, 1),
(363, 18, 3, 1),
(364, 18, 4, 0),
(365, 18, 5, 1),
(366, 18, 6, 1),
(367, 18, 7, 1),
(368, 18, 8, 0),
(369, 18, 9, 1),
(370, 18, 10, 0),
(371, 18, 11, 1),
(372, 18, 12, 0),
(373, 18, 13, 1),
(374, 18, 14, 0),
(375, 18, 15, 1),
(376, 18, 16, 1),
(377, 18, 17, 1),
(378, 18, 18, 0),
(379, 18, 19, 0),
(380, 18, 20, 19),
(381, 19, 1, 0),
(382, 19, 2, 1),
(383, 19, 3, 1),
(384, 19, 4, 0),
(385, 19, 5, 1),
(386, 19, 6, 1),
(387, 19, 7, 1),
(388, 19, 8, 0),
(389, 19, 9, 1),
(390, 19, 10, 0),
(391, 19, 11, 1),
(392, 19, 12, 0),
(393, 19, 13, 1),
(394, 19, 14, 0),
(395, 19, 15, 1),
(396, 19, 16, 1),
(397, 19, 17, 1),
(398, 19, 18, 0),
(399, 19, 19, 0),
(400, 19, 20, 19),
(401, 20, 1, 1),
(402, 20, 2, 1),
(403, 20, 3, 1),
(404, 20, 4, 1),
(405, 20, 5, 1),
(406, 20, 6, 1),
(407, 20, 7, 1),
(408, 20, 8, 1),
(409, 20, 9, 1),
(410, 20, 10, 1),
(411, 20, 11, 1),
(412, 20, 12, 1),
(413, 20, 13, 1),
(414, 20, 14, 1),
(415, 20, 15, 1),
(416, 20, 16, 1),
(417, 20, 17, 1),
(418, 20, 18, 1),
(419, 20, 19, 1),
(420, 20, 20, 18),
(421, 21, 1, 1),
(422, 21, 2, 1),
(423, 21, 3, 1),
(424, 21, 4, 1),
(425, 21, 5, 1),
(426, 21, 6, 1),
(427, 21, 7, 1),
(428, 21, 8, 1),
(429, 21, 9, 1),
(430, 21, 10, 1),
(431, 21, 11, 1),
(432, 21, 12, 1),
(433, 21, 13, 1),
(434, 21, 14, 1),
(435, 21, 15, 1),
(436, 21, 16, 1),
(437, 21, 17, 1),
(438, 21, 18, 1),
(439, 21, 19, 1),
(440, 21, 20, 18),
(441, 22, 1, 1),
(442, 22, 2, 1),
(443, 22, 3, 1),
(444, 22, 4, 0),
(445, 22, 5, 1),
(446, 22, 6, 1),
(447, 22, 7, 1),
(448, 22, 8, 1),
(449, 22, 9, 1),
(450, 22, 10, 1),
(451, 22, 11, 1),
(452, 22, 12, 1),
(453, 22, 13, 1),
(454, 22, 14, 1),
(455, 22, 15, 1),
(456, 22, 16, 1),
(457, 22, 17, 1),
(458, 22, 18, 1),
(459, 22, 19, 1),
(460, 22, 20, 18),
(461, 23, 1, 1),
(462, 23, 2, 0),
(463, 23, 3, 1),
(464, 23, 4, 1),
(465, 23, 5, 1),
(466, 23, 6, 1),
(467, 23, 7, 1),
(468, 23, 8, 0),
(469, 23, 9, 1),
(470, 23, 10, 0),
(471, 23, 11, 1),
(472, 23, 12, 0),
(473, 23, 13, 1),
(474, 23, 14, 0),
(475, 23, 15, 1),
(476, 23, 16, 1),
(477, 23, 17, 1),
(478, 23, 18, 0),
(479, 23, 19, 0),
(480, 23, 20, 19),
(481, 24, 1, 0),
(482, 24, 2, 1),
(483, 24, 3, 1),
(484, 24, 4, 0),
(485, 24, 5, 1),
(486, 24, 6, 0),
(487, 24, 7, 1),
(488, 24, 8, 0),
(489, 24, 9, 0),
(490, 24, 10, 1),
(491, 24, 11, 0),
(492, 24, 12, 0),
(493, 24, 13, 0),
(494, 24, 14, 0),
(495, 24, 15, 0),
(496, 24, 16, 0),
(497, 24, 17, 0),
(498, 24, 18, 0),
(499, 24, 19, 0),
(500, 24, 20, 23),
(501, 25, 1, 1),
(502, 25, 2, 1),
(503, 25, 3, 1),
(504, 25, 4, 0),
(505, 25, 5, 1),
(506, 25, 6, 1),
(507, 25, 7, 1),
(508, 25, 8, 1),
(509, 25, 9, 1),
(510, 25, 10, 1),
(511, 25, 11, 1),
(512, 25, 12, 1),
(513, 25, 13, 1),
(514, 25, 14, 1),
(515, 25, 15, 1),
(516, 25, 16, 1),
(517, 25, 17, 1),
(518, 25, 18, 1),
(519, 25, 19, 1),
(520, 25, 20, 18),
(521, 26, 1, 1),
(522, 26, 2, 1),
(523, 26, 3, 1),
(524, 26, 4, 0),
(525, 26, 5, 1),
(526, 26, 6, 1),
(527, 26, 7, 1),
(528, 26, 8, 0),
(529, 26, 9, 1),
(530, 26, 10, 0),
(531, 26, 11, 1),
(532, 26, 12, 0),
(533, 26, 13, 1),
(534, 26, 14, 0),
(535, 26, 15, 1),
(536, 26, 16, 1),
(537, 26, 17, 1),
(538, 26, 18, 0),
(539, 26, 19, 0),
(540, 26, 20, 19),
(541, 27, 1, 1),
(542, 27, 2, 1),
(543, 27, 3, 1),
(544, 27, 4, 0),
(545, 27, 5, 1),
(546, 27, 6, 1),
(547, 27, 7, 1),
(548, 27, 8, 0),
(549, 27, 9, 1),
(550, 27, 10, 0),
(551, 27, 11, 1),
(552, 27, 12, 0),
(553, 27, 13, 1),
(554, 27, 14, 0),
(555, 27, 15, 1),
(556, 27, 16, 1),
(557, 27, 17, 1),
(558, 27, 18, 0),
(559, 27, 19, 0),
(560, 27, 20, 19),
(561, 28, 1, 1),
(562, 28, 2, 1),
(563, 28, 3, 1),
(564, 28, 4, 0),
(565, 28, 5, 1),
(566, 28, 6, 1),
(567, 28, 7, 1),
(568, 28, 8, 0),
(569, 28, 9, 1),
(570, 28, 10, 0),
(571, 28, 11, 1),
(572, 28, 12, 0),
(573, 28, 13, 1),
(574, 28, 14, 0),
(575, 28, 15, 1),
(576, 28, 16, 1),
(577, 28, 17, 1),
(578, 28, 18, 0),
(579, 28, 19, 0),
(580, 28, 20, 19),
(581, 29, 1, 1),
(582, 29, 2, 1),
(583, 29, 3, 1),
(584, 29, 4, 0),
(585, 29, 5, 1),
(586, 29, 6, 1),
(587, 29, 7, 1),
(588, 29, 8, 0),
(589, 29, 9, 1),
(590, 29, 10, 0),
(591, 29, 11, 1),
(592, 29, 12, 0),
(593, 29, 13, 1),
(594, 29, 14, 0),
(595, 29, 15, 1),
(596, 29, 16, 1),
(597, 29, 17, 1),
(598, 29, 18, 0),
(599, 29, 19, 0),
(600, 29, 20, 18),
(601, 30, 1, 1),
(602, 30, 2, 1),
(603, 30, 3, 1),
(604, 30, 4, 0),
(605, 30, 5, 1),
(606, 30, 6, 1),
(607, 30, 7, 1),
(608, 30, 8, 0),
(609, 30, 9, 1),
(610, 30, 10, 0),
(611, 30, 11, 1),
(612, 30, 12, 0),
(613, 30, 13, 1),
(614, 30, 14, 0),
(615, 30, 15, 1),
(616, 30, 16, 1),
(617, 30, 17, 1),
(618, 30, 18, 0),
(619, 30, 19, 0),
(620, 30, 20, 19),
(621, 31, 1, 0),
(622, 31, 2, 0),
(623, 31, 3, 1),
(624, 31, 4, 0),
(625, 31, 5, 1),
(626, 31, 6, 1),
(627, 31, 7, 0),
(628, 31, 8, 0),
(629, 31, 9, 1),
(630, 31, 10, 0),
(631, 31, 11, 1),
(632, 31, 12, 0),
(633, 31, 13, 1),
(634, 31, 14, 0),
(635, 31, 15, 1),
(636, 31, 16, 1),
(637, 31, 17, 1),
(638, 31, 18, 0),
(639, 31, 19, 1),
(640, 31, 20, 20),
(641, 32, 1, 1),
(642, 32, 2, 1),
(643, 32, 3, 1),
(644, 32, 4, 0),
(645, 32, 5, 1),
(646, 32, 6, 1),
(647, 32, 7, 1),
(648, 32, 8, 0),
(649, 32, 9, 1),
(650, 32, 10, 0),
(651, 32, 11, 1),
(652, 32, 12, 0),
(653, 32, 13, 1),
(654, 32, 14, 0),
(655, 32, 15, 1),
(656, 32, 16, 1),
(657, 32, 17, 1),
(658, 32, 18, 0),
(659, 32, 19, 0),
(660, 32, 20, 19),
(661, 33, 1, 1),
(662, 33, 2, 1),
(663, 33, 3, 1),
(664, 33, 4, 1),
(665, 33, 5, 1),
(666, 33, 6, 1),
(667, 33, 7, 1),
(668, 33, 8, 1),
(669, 33, 9, 1),
(670, 33, 10, 1),
(671, 33, 11, 1),
(672, 33, 12, 1),
(673, 33, 13, 1),
(674, 33, 14, 1),
(675, 33, 15, 1),
(676, 33, 16, 1),
(677, 33, 17, 1),
(678, 33, 18, 1),
(679, 33, 19, 1),
(680, 33, 20, 18),
(681, 34, 1, 1),
(682, 34, 2, 1),
(683, 34, 3, 1),
(684, 34, 4, 0),
(685, 34, 5, 1),
(686, 34, 6, 1),
(687, 34, 7, 1),
(688, 34, 8, 0),
(689, 34, 9, 1),
(690, 34, 10, 0),
(691, 34, 11, 1),
(692, 34, 12, 0),
(693, 34, 13, 1),
(694, 34, 14, 0),
(695, 34, 15, 1),
(696, 34, 16, 1),
(697, 34, 17, 1),
(698, 34, 18, 0),
(699, 34, 19, 0),
(700, 34, 20, 19),
(701, 35, 1, 1),
(702, 35, 2, 1),
(703, 35, 3, 1),
(704, 35, 4, 0),
(705, 35, 5, 1),
(706, 35, 6, 1),
(707, 35, 7, 1),
(708, 35, 8, 0),
(709, 35, 9, 1),
(710, 35, 10, 0),
(711, 35, 11, 1),
(712, 35, 12, 0),
(713, 35, 13, 1),
(714, 35, 14, 0),
(715, 35, 15, 1),
(716, 35, 16, 1),
(717, 35, 17, 1),
(718, 35, 18, 0),
(719, 35, 19, 0),
(720, 35, 20, 19),
(721, 36, 1, 1),
(722, 36, 2, 1),
(723, 36, 3, 1),
(724, 36, 4, 0),
(725, 36, 5, 1),
(726, 36, 6, 1),
(727, 36, 7, 1),
(728, 36, 8, 0),
(729, 36, 9, 1),
(730, 36, 10, 0),
(731, 36, 11, 1),
(732, 36, 12, 0),
(733, 36, 13, 1),
(734, 36, 14, 0),
(735, 36, 15, 1),
(736, 36, 16, 1),
(737, 36, 17, 1),
(738, 36, 18, 0),
(739, 36, 19, 0),
(740, 36, 20, 19),
(741, 37, 1, 1),
(742, 37, 2, 1),
(743, 37, 3, 1),
(744, 37, 4, 1),
(745, 37, 5, 1),
(746, 37, 6, 1),
(747, 37, 7, 1),
(748, 37, 8, 0),
(749, 37, 9, 1),
(750, 37, 10, 0),
(751, 37, 11, 1),
(752, 37, 12, 0),
(753, 37, 13, 1),
(754, 37, 14, 0),
(755, 37, 15, 1),
(756, 37, 16, 1),
(757, 37, 17, 1),
(758, 37, 18, 0),
(759, 37, 19, 1),
(760, 37, 20, 19),
(761, 38, 1, 1),
(762, 38, 2, 1),
(763, 38, 3, 1),
(764, 38, 4, 0),
(765, 38, 5, 1),
(766, 38, 6, 1),
(767, 38, 7, 1),
(768, 38, 8, 0),
(769, 38, 9, 1),
(770, 38, 10, 0),
(771, 38, 11, 1),
(772, 38, 12, 0),
(773, 38, 13, 1),
(774, 38, 14, 0),
(775, 38, 15, 1),
(776, 38, 16, 1),
(777, 38, 17, 1),
(778, 38, 18, 0),
(779, 38, 19, 0),
(780, 38, 20, 19),
(781, 39, 1, 1),
(782, 39, 2, 1),
(783, 39, 3, 1),
(784, 39, 4, 0),
(785, 39, 5, 1),
(786, 39, 6, 1),
(787, 39, 7, 1),
(788, 39, 8, 0),
(789, 39, 9, 1),
(790, 39, 10, 0),
(791, 39, 11, 1),
(792, 39, 12, 0),
(793, 39, 13, 1),
(794, 39, 14, 0),
(795, 39, 15, 1),
(796, 39, 16, 1),
(797, 39, 17, 1),
(798, 39, 18, 0),
(799, 39, 19, 0),
(800, 39, 20, 19),
(801, 40, 1, 1),
(802, 40, 2, 1),
(803, 40, 3, 1),
(804, 40, 4, 0),
(805, 40, 5, 1),
(806, 40, 6, 1),
(807, 40, 7, 1),
(808, 40, 8, 0),
(809, 40, 9, 1),
(810, 40, 10, 0),
(811, 40, 11, 1),
(812, 40, 12, 0),
(813, 40, 13, 1),
(814, 40, 14, 0),
(815, 40, 15, 0),
(816, 40, 16, 0),
(817, 40, 17, 0),
(818, 40, 18, 0),
(819, 40, 19, 0),
(820, 40, 20, 19),
(821, 41, 1, 1),
(822, 41, 2, 1),
(823, 41, 3, 0),
(824, 41, 4, 0),
(825, 41, 5, 1),
(826, 41, 6, 1),
(827, 41, 7, 1),
(828, 41, 8, 0),
(829, 41, 9, 0),
(830, 41, 10, 1),
(831, 41, 11, 0),
(832, 41, 12, 1),
(833, 41, 13, 0),
(834, 41, 14, 1),
(835, 41, 15, 1),
(836, 41, 16, 1),
(837, 41, 17, 1),
(838, 41, 18, 1),
(839, 41, 19, 0),
(840, 41, 20, 26),
(841, 42, 1, 1),
(842, 42, 2, 1),
(843, 42, 3, 1),
(844, 42, 4, 0),
(845, 42, 5, 1),
(846, 42, 6, 1),
(847, 42, 7, 1),
(848, 42, 8, 0),
(849, 42, 9, 1),
(850, 42, 10, 0),
(851, 42, 11, 1),
(852, 42, 12, 0),
(853, 42, 13, 1),
(854, 42, 14, 0),
(855, 42, 15, 1),
(856, 42, 16, 1),
(857, 42, 17, 1),
(858, 42, 18, 0),
(859, 42, 19, 0),
(860, 42, 20, 19),
(861, 43, 1, 1),
(862, 43, 2, 1),
(863, 43, 3, 1),
(864, 43, 4, 0),
(865, 43, 5, 1),
(866, 43, 6, 1),
(867, 43, 7, 1),
(868, 43, 8, 0),
(869, 43, 9, 1),
(870, 43, 10, 0),
(871, 43, 11, 1),
(872, 43, 12, 0),
(873, 43, 13, 1),
(874, 43, 14, 0),
(875, 43, 15, 1),
(876, 43, 16, 1),
(877, 43, 17, 1),
(878, 43, 18, 0),
(879, 43, 19, 0),
(880, 43, 20, 19),
(881, 44, 1, 1),
(882, 44, 2, 1),
(883, 44, 3, 1),
(884, 44, 4, 0),
(885, 44, 5, 1),
(886, 44, 6, 1),
(887, 44, 7, 1),
(888, 44, 8, 0),
(889, 44, 9, 1),
(890, 44, 10, 0),
(891, 44, 11, 1),
(892, 44, 12, 0),
(893, 44, 13, 1),
(894, 44, 14, 0),
(895, 44, 15, 1),
(896, 44, 16, 1),
(897, 44, 17, 1),
(898, 44, 18, 0),
(899, 44, 19, 0),
(900, 44, 20, 18),
(901, 45, 1, 1),
(902, 45, 2, 0),
(903, 45, 3, 0),
(904, 45, 4, 0),
(905, 45, 5, 0),
(906, 45, 6, 0),
(907, 45, 7, 0),
(908, 45, 8, 1),
(909, 45, 9, 0),
(910, 45, 10, 1),
(911, 45, 11, 1),
(912, 45, 12, 1),
(913, 45, 13, 0),
(914, 45, 14, 0),
(915, 45, 15, 1),
(916, 45, 16, 1),
(917, 45, 17, 1),
(918, 45, 18, 0),
(919, 45, 19, 1),
(920, 45, 20, 26),
(921, 46, 1, 0),
(922, 46, 2, 0),
(923, 46, 3, 0),
(924, 46, 4, 0),
(925, 46, 5, 1),
(926, 46, 6, 0),
(927, 46, 7, 0),
(928, 46, 8, 1),
(929, 46, 9, 0),
(930, 46, 10, 1),
(931, 46, 11, 0),
(932, 46, 12, 1),
(933, 46, 13, 1),
(934, 46, 14, 1),
(935, 46, 15, 0),
(936, 46, 16, 0),
(937, 46, 17, 0),
(938, 46, 18, 1),
(939, 46, 19, 1),
(940, 46, 20, 17),
(941, 47, 1, 1),
(942, 47, 2, 1),
(943, 47, 3, 1),
(944, 47, 4, 1),
(945, 47, 5, 1),
(946, 47, 6, 0),
(947, 47, 7, 0),
(948, 47, 8, 0),
(949, 47, 9, 0),
(950, 47, 10, 0),
(951, 47, 11, 0),
(952, 47, 12, 0),
(953, 47, 13, 1),
(954, 47, 14, 0),
(955, 47, 15, 1),
(956, 47, 16, 1),
(957, 47, 17, 1),
(958, 47, 18, 0),
(959, 47, 19, 0),
(960, 47, 20, 10),
(961, 48, 1, 1),
(962, 48, 2, 1),
(963, 48, 3, 1),
(964, 48, 4, 1),
(965, 48, 5, 0),
(966, 48, 6, 0),
(967, 48, 7, 0),
(968, 48, 8, 1),
(969, 48, 9, 0),
(970, 48, 10, 1),
(971, 48, 11, 0),
(972, 48, 12, 1),
(973, 48, 13, 0),
(974, 48, 14, 1),
(975, 48, 15, 1),
(976, 48, 16, 0),
(977, 48, 17, 0),
(978, 48, 18, 1),
(979, 48, 19, 1),
(980, 48, 20, 20),
(981, 49, 1, 1),
(982, 49, 2, 1),
(983, 49, 3, 1),
(984, 49, 4, 0),
(985, 49, 5, 1),
(986, 49, 6, 1),
(987, 49, 7, 1),
(988, 49, 8, 0),
(989, 49, 9, 1),
(990, 49, 10, 0),
(991, 49, 11, 1),
(992, 49, 12, 0),
(993, 49, 13, 1),
(994, 49, 14, 0),
(995, 49, 15, 1),
(996, 49, 16, 1),
(997, 49, 17, 1),
(998, 49, 18, 0),
(999, 49, 19, 0),
(1000, 49, 20, 19),
(1001, 50, 1, 1),
(1002, 50, 2, 1),
(1003, 50, 3, 1),
(1004, 50, 4, 0),
(1005, 50, 5, 1),
(1006, 50, 6, 1),
(1007, 50, 7, 1),
(1008, 50, 8, 0),
(1009, 50, 9, 1),
(1010, 50, 10, 0),
(1011, 50, 11, 1),
(1012, 50, 12, 0),
(1013, 50, 13, 1),
(1014, 50, 14, 0),
(1015, 50, 15, 1),
(1016, 50, 16, 1),
(1017, 50, 17, 1),
(1018, 50, 18, 0),
(1019, 50, 19, 0),
(1020, 50, 20, 19),
(1021, 51, 1, 1),
(1022, 51, 2, 0),
(1023, 51, 3, 1),
(1024, 51, 4, 0),
(1025, 51, 5, 1),
(1026, 51, 6, 1),
(1027, 51, 7, 1),
(1028, 51, 8, 0),
(1029, 51, 9, 1),
(1030, 51, 10, 0),
(1031, 51, 11, 1),
(1032, 51, 12, 0),
(1033, 51, 13, 1),
(1034, 51, 14, 0),
(1035, 51, 15, 1),
(1036, 51, 16, 1),
(1037, 51, 17, 1),
(1038, 51, 18, 0),
(1039, 51, 19, 1),
(1040, 51, 20, 19),
(1041, 52, 1, 1),
(1042, 52, 2, 1),
(1043, 52, 3, 1),
(1044, 52, 4, 0),
(1045, 52, 5, 1),
(1046, 52, 6, 1),
(1047, 52, 7, 1),
(1048, 52, 8, 0),
(1049, 52, 9, 1),
(1050, 52, 10, 0),
(1051, 52, 11, 1),
(1052, 52, 12, 0),
(1053, 52, 13, 1),
(1054, 52, 14, 0),
(1055, 52, 15, 1),
(1056, 52, 16, 1),
(1057, 52, 17, 1),
(1058, 52, 18, 0),
(1059, 52, 19, 0),
(1060, 52, 20, 19),
(1061, 53, 1, 1),
(1062, 53, 2, 1),
(1063, 53, 3, 0),
(1064, 53, 4, 1),
(1065, 53, 5, 1),
(1066, 53, 6, 1),
(1067, 53, 7, 1),
(1068, 53, 8, 0),
(1069, 53, 9, 1),
(1070, 53, 10, 1),
(1071, 53, 11, 0),
(1072, 53, 12, 0),
(1073, 53, 13, 1),
(1074, 53, 14, 0),
(1075, 53, 15, 1),
(1076, 53, 16, 0),
(1077, 53, 17, 1),
(1078, 53, 18, 0),
(1079, 53, 19, 0),
(1080, 53, 20, 19),
(1081, 54, 1, 1),
(1082, 54, 2, 1),
(1083, 54, 3, 1),
(1084, 54, 4, 0),
(1085, 54, 5, 1),
(1086, 54, 6, 1),
(1087, 54, 7, 1),
(1088, 54, 8, 0),
(1089, 54, 9, 1),
(1090, 54, 10, 0),
(1091, 54, 11, 1),
(1092, 54, 12, 0),
(1093, 54, 13, 1),
(1094, 54, 14, 0),
(1095, 54, 15, 1),
(1096, 54, 16, 1),
(1097, 54, 17, 1),
(1098, 54, 18, 0),
(1099, 54, 19, 0),
(1100, 54, 20, 19),
(1101, 55, 1, 1),
(1102, 55, 2, 1),
(1103, 55, 3, 1),
(1104, 55, 4, 0),
(1105, 55, 5, 1),
(1106, 55, 6, 1),
(1107, 55, 7, 1),
(1108, 55, 8, 0),
(1109, 55, 9, 1),
(1110, 55, 10, 0),
(1111, 55, 11, 1),
(1112, 55, 12, 0),
(1113, 55, 13, 1),
(1114, 55, 14, 0),
(1115, 55, 15, 1),
(1116, 55, 16, 1),
(1117, 55, 17, 1),
(1118, 55, 18, 0),
(1119, 55, 19, 0),
(1120, 55, 20, 19),
(1121, 56, 1, 1),
(1122, 56, 2, 1),
(1123, 56, 3, 1),
(1124, 56, 4, 0),
(1125, 56, 5, 1),
(1126, 56, 6, 1),
(1127, 56, 7, 1),
(1128, 56, 8, 0),
(1129, 56, 9, 1),
(1130, 56, 10, 0),
(1131, 56, 11, 1),
(1132, 56, 12, 0),
(1133, 56, 13, 1),
(1134, 56, 14, 0),
(1135, 56, 15, 1),
(1136, 56, 16, 1),
(1137, 56, 17, 1),
(1138, 56, 18, 0),
(1139, 56, 19, 0),
(1140, 56, 20, 22),
(1141, 57, 1, 1),
(1142, 57, 2, 1),
(1143, 57, 3, 1),
(1144, 57, 4, 0),
(1145, 57, 5, 1),
(1146, 57, 6, 1),
(1147, 57, 7, 1),
(1148, 57, 8, 0),
(1149, 57, 9, 1),
(1150, 57, 10, 0),
(1151, 57, 11, 1),
(1152, 57, 12, 0),
(1153, 57, 13, 1),
(1154, 57, 14, 0),
(1155, 57, 15, 1),
(1156, 57, 16, 1),
(1157, 57, 17, 1),
(1158, 57, 18, 0),
(1159, 57, 19, 0),
(1160, 57, 20, 19),
(1161, 58, 1, 1),
(1162, 58, 2, 1),
(1163, 58, 3, 1),
(1164, 58, 4, 0),
(1165, 58, 5, 1),
(1166, 58, 6, 1),
(1167, 58, 7, 1),
(1168, 58, 8, 0),
(1169, 58, 9, 1),
(1170, 58, 10, 0),
(1171, 58, 11, 1),
(1172, 58, 12, 0),
(1173, 58, 13, 1),
(1174, 58, 14, 0),
(1175, 58, 15, 1),
(1176, 58, 16, 1),
(1177, 58, 17, 1),
(1178, 58, 18, 0),
(1179, 58, 19, 0),
(1180, 58, 20, 19),
(1181, 59, 1, 1),
(1182, 59, 2, 1),
(1183, 59, 3, 1),
(1184, 59, 4, 0),
(1185, 59, 5, 1),
(1186, 59, 6, 1),
(1187, 59, 7, 1),
(1188, 59, 8, 0),
(1189, 59, 9, 1),
(1190, 59, 10, 0),
(1191, 59, 11, 1),
(1192, 59, 12, 0),
(1193, 59, 13, 1),
(1194, 59, 14, 0),
(1195, 59, 15, 1),
(1196, 59, 16, 1),
(1197, 59, 17, 1),
(1198, 59, 18, 0),
(1199, 59, 19, 0),
(1200, 59, 20, 19),
(1201, 60, 1, 1),
(1202, 60, 2, 1),
(1203, 60, 3, 1),
(1204, 60, 4, 0),
(1205, 60, 5, 1),
(1206, 60, 6, 1),
(1207, 60, 7, 1),
(1208, 60, 8, 0),
(1209, 60, 9, 1),
(1210, 60, 10, 0),
(1211, 60, 11, 1),
(1212, 60, 12, 0),
(1213, 60, 13, 1),
(1214, 60, 14, 0),
(1215, 60, 15, 1),
(1216, 60, 16, 1),
(1217, 60, 17, 1),
(1218, 60, 18, 0),
(1219, 60, 19, 0),
(1220, 60, 20, 19),
(1221, 61, 1, 1),
(1222, 61, 2, 1),
(1223, 61, 3, 1),
(1224, 61, 4, 0),
(1225, 61, 5, 1),
(1226, 61, 6, 1),
(1227, 61, 7, 1),
(1228, 61, 8, 0),
(1229, 61, 9, 1),
(1230, 61, 10, 0),
(1231, 61, 11, 1),
(1232, 61, 12, 0),
(1233, 61, 13, 1),
(1234, 61, 14, 0),
(1235, 61, 15, 1),
(1236, 61, 16, 1),
(1237, 61, 17, 1),
(1238, 61, 18, 0),
(1239, 61, 19, 0),
(1240, 61, 20, 19),
(1241, 62, 1, 1),
(1242, 62, 2, 1),
(1243, 62, 3, 1),
(1244, 62, 4, 0),
(1245, 62, 5, 1),
(1246, 62, 6, 1),
(1247, 62, 7, 1),
(1248, 62, 8, 0),
(1249, 62, 9, 1),
(1250, 62, 10, 0),
(1251, 62, 11, 1),
(1252, 62, 12, 0),
(1253, 62, 13, 1),
(1254, 62, 14, 0),
(1255, 62, 15, 1),
(1256, 62, 16, 1),
(1257, 62, 17, 1),
(1258, 62, 18, 0),
(1259, 62, 19, 0),
(1260, 62, 20, 19),
(1261, 63, 1, 1),
(1262, 63, 2, 1),
(1263, 63, 3, 1),
(1264, 63, 4, 0),
(1265, 63, 5, 1),
(1266, 63, 6, 1),
(1267, 63, 7, 1),
(1268, 63, 8, 0),
(1269, 63, 9, 1),
(1270, 63, 10, 0),
(1271, 63, 11, 1),
(1272, 63, 12, 0),
(1273, 63, 13, 1),
(1274, 63, 14, 0),
(1275, 63, 15, 1),
(1276, 63, 16, 1),
(1277, 63, 17, 1),
(1278, 63, 18, 0),
(1279, 63, 19, 0),
(1280, 63, 20, 19),
(1281, 64, 1, 1),
(1282, 64, 2, 1),
(1283, 64, 3, 1),
(1284, 64, 4, 0),
(1285, 64, 5, 1),
(1286, 64, 6, 1),
(1287, 64, 7, 1),
(1288, 64, 8, 0),
(1289, 64, 9, 1),
(1290, 64, 10, 0),
(1291, 64, 11, 1),
(1292, 64, 12, 0),
(1293, 64, 13, 1),
(1294, 64, 14, 0),
(1295, 64, 15, 1),
(1296, 64, 16, 1),
(1297, 64, 17, 1),
(1298, 64, 18, 0),
(1299, 64, 19, 0),
(1300, 64, 20, 19),
(1301, 65, 1, 1),
(1302, 65, 2, 1),
(1303, 65, 3, 1),
(1304, 65, 4, 0),
(1305, 65, 5, 1),
(1306, 65, 6, 1),
(1307, 65, 7, 1),
(1308, 65, 8, 0),
(1309, 65, 9, 1),
(1310, 65, 10, 0),
(1311, 65, 11, 1),
(1312, 65, 12, 0),
(1313, 65, 13, 1),
(1314, 65, 14, 0),
(1315, 65, 15, 1),
(1316, 65, 16, 1),
(1317, 65, 17, 1),
(1318, 65, 18, 0),
(1319, 65, 19, 0),
(1320, 65, 20, 19),
(1321, 66, 1, 1),
(1322, 66, 2, 1),
(1323, 66, 3, 1),
(1324, 66, 4, 0),
(1325, 66, 5, 1),
(1326, 66, 6, 1),
(1327, 66, 7, 1),
(1328, 66, 8, 0),
(1329, 66, 9, 1),
(1330, 66, 10, 0),
(1331, 66, 11, 1),
(1332, 66, 12, 0),
(1333, 66, 13, 1),
(1334, 66, 14, 0),
(1335, 66, 15, 1),
(1336, 66, 16, 1),
(1337, 66, 17, 1),
(1338, 66, 18, 0),
(1339, 66, 19, 0),
(1340, 66, 20, 19),
(1341, 67, 1, 0),
(1342, 67, 2, 0),
(1343, 67, 3, 1),
(1344, 67, 4, 1),
(1345, 67, 5, 0),
(1346, 67, 6, 0),
(1347, 67, 7, 1),
(1348, 67, 8, 0),
(1349, 67, 9, 0),
(1350, 67, 10, 0),
(1351, 67, 11, 0),
(1352, 67, 12, 1),
(1353, 67, 13, 1),
(1354, 67, 14, 1),
(1355, 67, 15, 0),
(1356, 67, 16, 0),
(1357, 67, 17, 1),
(1358, 67, 18, 0),
(1359, 67, 19, 1),
(1360, 67, 20, 14),
(1361, 68, 1, 1),
(1362, 68, 2, 1),
(1363, 68, 3, 1),
(1364, 68, 4, 0),
(1365, 68, 5, 1),
(1366, 68, 6, 1),
(1367, 68, 7, 1),
(1368, 68, 8, 0),
(1369, 68, 9, 1),
(1370, 68, 10, 0),
(1371, 68, 11, 1),
(1372, 68, 12, 0),
(1373, 68, 13, 1),
(1374, 68, 14, 0),
(1375, 68, 15, 1),
(1376, 68, 16, 1),
(1377, 68, 17, 1),
(1378, 68, 18, 0),
(1379, 68, 19, 0),
(1380, 68, 20, 19),
(1381, 69, 1, 1),
(1382, 69, 2, 1),
(1383, 69, 3, 1),
(1384, 69, 4, 0),
(1385, 69, 5, 1),
(1386, 69, 6, 1),
(1387, 69, 7, 1),
(1388, 69, 8, 0),
(1389, 69, 9, 1),
(1390, 69, 10, 0),
(1391, 69, 11, 1),
(1392, 69, 12, 0),
(1393, 69, 13, 1),
(1394, 69, 14, 0),
(1395, 69, 15, 1),
(1396, 69, 16, 1),
(1397, 69, 17, 1),
(1398, 69, 18, 0),
(1399, 69, 19, 0),
(1400, 69, 20, 19),
(1401, 70, 1, 1),
(1402, 70, 2, 1),
(1403, 70, 3, 1),
(1404, 70, 4, 0),
(1405, 70, 5, 1),
(1406, 70, 6, 1),
(1407, 70, 7, 1),
(1408, 70, 8, 0),
(1409, 70, 9, 1),
(1410, 70, 10, 0),
(1411, 70, 11, 1),
(1412, 70, 12, 0),
(1413, 70, 13, 1),
(1414, 70, 14, 0),
(1415, 70, 15, 1),
(1416, 70, 16, 1),
(1417, 70, 17, 1),
(1418, 70, 18, 0),
(1419, 70, 19, 0),
(1420, 70, 20, 19),
(1421, 71, 1, 1),
(1422, 71, 2, 1),
(1423, 71, 3, 1),
(1424, 71, 4, 0),
(1425, 71, 5, 1),
(1426, 71, 6, 1),
(1427, 71, 7, 1),
(1428, 71, 8, 0),
(1429, 71, 9, 1),
(1430, 71, 10, 0),
(1431, 71, 11, 1),
(1432, 71, 12, 0),
(1433, 71, 13, 1),
(1434, 71, 14, 0),
(1435, 71, 15, 1),
(1436, 71, 16, 1),
(1437, 71, 17, 1),
(1438, 71, 18, 0),
(1439, 71, 19, 0),
(1440, 71, 20, 19),
(1441, 72, 1, 1),
(1442, 72, 2, 1),
(1443, 72, 3, 1),
(1444, 72, 4, 0),
(1445, 72, 5, 1),
(1446, 72, 6, 1),
(1447, 72, 7, 1),
(1448, 72, 8, 0),
(1449, 72, 9, 1),
(1450, 72, 10, 0),
(1451, 72, 11, 1),
(1452, 72, 12, 0),
(1453, 72, 13, 1),
(1454, 72, 14, 0),
(1455, 72, 15, 1),
(1456, 72, 16, 1),
(1457, 72, 17, 1),
(1458, 72, 18, 0),
(1459, 72, 19, 0),
(1460, 72, 20, 19),
(1461, 73, 1, 1),
(1462, 73, 2, 1),
(1463, 73, 3, 1),
(1464, 73, 4, 0),
(1465, 73, 5, 1),
(1466, 73, 6, 1),
(1467, 73, 7, 1),
(1468, 73, 8, 0),
(1469, 73, 9, 1),
(1470, 73, 10, 0),
(1471, 73, 11, 1),
(1472, 73, 12, 0),
(1473, 73, 13, 1),
(1474, 73, 14, 0),
(1475, 73, 15, 1),
(1476, 73, 16, 1),
(1477, 73, 17, 1),
(1478, 73, 18, 0),
(1479, 73, 19, 0),
(1480, 73, 20, 19),
(1481, 74, 1, 1),
(1482, 74, 2, 1),
(1483, 74, 3, 1),
(1484, 74, 4, 0),
(1485, 74, 5, 1),
(1486, 74, 6, 1),
(1487, 74, 7, 1),
(1488, 74, 8, 0),
(1489, 74, 9, 1),
(1490, 74, 10, 0),
(1491, 74, 11, 1),
(1492, 74, 12, 0),
(1493, 74, 13, 1),
(1494, 74, 14, 0),
(1495, 74, 15, 1),
(1496, 74, 16, 1),
(1497, 74, 17, 1),
(1498, 74, 18, 0),
(1499, 74, 19, 0),
(1500, 74, 20, 19),
(1501, 75, 1, 1),
(1502, 75, 2, 1),
(1503, 75, 3, 1),
(1504, 75, 4, 0),
(1505, 75, 5, 1),
(1506, 75, 6, 1),
(1507, 75, 7, 1),
(1508, 75, 8, 0),
(1509, 75, 9, 1),
(1510, 75, 10, 0),
(1511, 75, 11, 1),
(1512, 75, 12, 0),
(1513, 75, 13, 1),
(1514, 75, 14, 0),
(1515, 75, 15, 1),
(1516, 75, 16, 1),
(1517, 75, 17, 1),
(1518, 75, 18, 0),
(1519, 75, 19, 0),
(1520, 75, 20, 19),
(1521, 76, 1, 1),
(1522, 76, 2, 1),
(1523, 76, 3, 1),
(1524, 76, 4, 0),
(1525, 76, 5, 1),
(1526, 76, 6, 1),
(1527, 76, 7, 1),
(1528, 76, 8, 0),
(1529, 76, 9, 1),
(1530, 76, 10, 0),
(1531, 76, 11, 1),
(1532, 76, 12, 0),
(1533, 76, 13, 1),
(1534, 76, 14, 0),
(1535, 76, 15, 1),
(1536, 76, 16, 1),
(1537, 76, 17, 1),
(1538, 76, 18, 0),
(1539, 76, 19, 0),
(1540, 76, 20, 19),
(1541, 77, 1, 1),
(1542, 77, 2, 1),
(1543, 77, 3, 1),
(1544, 77, 4, 0),
(1545, 77, 5, 1),
(1546, 77, 6, 1),
(1547, 77, 7, 1),
(1548, 77, 8, 0),
(1549, 77, 9, 1),
(1550, 77, 10, 0),
(1551, 77, 11, 1),
(1552, 77, 12, 0),
(1553, 77, 13, 1),
(1554, 77, 14, 0),
(1555, 77, 15, 1),
(1556, 77, 16, 1),
(1557, 77, 17, 1),
(1558, 77, 18, 0),
(1559, 77, 19, 0),
(1560, 77, 20, 19),
(1561, 78, 1, 1),
(1562, 78, 2, 1),
(1563, 78, 3, 1),
(1564, 78, 4, 0),
(1565, 78, 5, 1),
(1566, 78, 6, 1),
(1567, 78, 7, 1),
(1568, 78, 8, 0),
(1569, 78, 9, 1),
(1570, 78, 10, 0),
(1571, 78, 11, 1),
(1572, 78, 12, 0),
(1573, 78, 13, 1),
(1574, 78, 14, 0),
(1575, 78, 15, 1),
(1576, 78, 16, 1),
(1577, 78, 17, 1),
(1578, 78, 18, 0),
(1579, 78, 19, 0),
(1580, 78, 20, 19),
(1581, 79, 1, 1),
(1582, 79, 2, 1),
(1583, 79, 3, 1),
(1584, 79, 4, 0),
(1585, 79, 5, 1),
(1586, 79, 6, 1),
(1587, 79, 7, 1),
(1588, 79, 8, 0),
(1589, 79, 9, 1),
(1590, 79, 10, 0),
(1591, 79, 11, 1),
(1592, 79, 12, 0),
(1593, 79, 13, 1),
(1594, 79, 14, 0),
(1595, 79, 15, 1),
(1596, 79, 16, 1),
(1597, 79, 17, 1),
(1598, 79, 18, 0),
(1599, 79, 19, 0),
(1600, 79, 20, 19),
(1601, 80, 1, 1),
(1602, 80, 2, 1),
(1603, 80, 3, 1),
(1604, 80, 4, 0),
(1605, 80, 5, 1),
(1606, 80, 6, 1),
(1607, 80, 7, 1),
(1608, 80, 8, 0),
(1609, 80, 9, 1),
(1610, 80, 10, 0),
(1611, 80, 11, 1),
(1612, 80, 12, 0),
(1613, 80, 13, 1),
(1614, 80, 14, 0),
(1615, 80, 15, 1),
(1616, 80, 16, 1),
(1617, 80, 17, 1),
(1618, 80, 18, 0),
(1619, 80, 19, 0),
(1620, 80, 20, 19),
(1621, 81, 1, 1),
(1622, 81, 2, 1),
(1623, 81, 3, 1),
(1624, 81, 4, 0),
(1625, 81, 5, 1),
(1626, 81, 6, 1),
(1627, 81, 7, 1),
(1628, 81, 8, 0),
(1629, 81, 9, 1),
(1630, 81, 10, 0),
(1631, 81, 11, 1),
(1632, 81, 12, 0),
(1633, 81, 13, 1),
(1634, 81, 14, 0),
(1635, 81, 15, 1),
(1636, 81, 16, 1),
(1637, 81, 17, 1),
(1638, 81, 18, 0),
(1639, 81, 19, 0),
(1640, 81, 20, 19),
(1641, 82, 1, 1),
(1642, 82, 2, 1),
(1643, 82, 3, 1),
(1644, 82, 4, 0),
(1645, 82, 5, 1),
(1646, 82, 6, 1),
(1647, 82, 7, 1),
(1648, 82, 8, 0),
(1649, 82, 9, 1),
(1650, 82, 10, 0),
(1651, 82, 11, 1),
(1652, 82, 12, 0),
(1653, 82, 13, 1),
(1654, 82, 14, 0),
(1655, 82, 15, 1),
(1656, 82, 16, 1),
(1657, 82, 17, 1),
(1658, 82, 18, 0),
(1659, 82, 19, 0),
(1660, 82, 20, 19),
(1661, 83, 1, 1),
(1662, 83, 2, 1),
(1663, 83, 3, 1),
(1664, 83, 4, 0),
(1665, 83, 5, 1),
(1666, 83, 6, 1),
(1667, 83, 7, 1),
(1668, 83, 8, 0),
(1669, 83, 9, 1),
(1670, 83, 10, 0),
(1671, 83, 11, 1),
(1672, 83, 12, 0),
(1673, 83, 13, 1),
(1674, 83, 14, 0),
(1675, 83, 15, 1),
(1676, 83, 16, 1),
(1677, 83, 17, 1),
(1678, 83, 18, 0),
(1679, 83, 19, 0),
(1680, 83, 20, 19),
(1681, 84, 1, 1),
(1682, 84, 2, 1),
(1683, 84, 3, 0),
(1684, 84, 4, 0),
(1685, 84, 5, 1),
(1686, 84, 6, 1),
(1687, 84, 7, 1),
(1688, 84, 8, 0),
(1689, 84, 9, 1),
(1690, 84, 10, 0),
(1691, 84, 11, 1),
(1692, 84, 12, 0),
(1693, 84, 13, 1),
(1694, 84, 14, 0),
(1695, 84, 15, 1),
(1696, 84, 16, 1),
(1697, 84, 17, 1),
(1698, 84, 18, 0),
(1699, 84, 19, 0),
(1700, 84, 20, 14),
(1701, 85, 1, 1),
(1702, 85, 2, 1),
(1703, 85, 3, 1),
(1704, 85, 4, 0),
(1705, 85, 5, 0),
(1706, 85, 6, 1),
(1707, 85, 7, 1),
(1708, 85, 8, 0),
(1709, 85, 9, 1),
(1710, 85, 10, 0),
(1711, 85, 11, 1),
(1712, 85, 12, 0),
(1713, 85, 13, 1),
(1714, 85, 14, 0),
(1715, 85, 15, 0),
(1716, 85, 16, 0),
(1717, 85, 17, 1),
(1718, 85, 18, 0),
(1719, 85, 19, 1),
(1720, 85, 20, 19),
(1721, 86, 1, 1),
(1722, 86, 2, 1),
(1723, 86, 3, 0),
(1724, 86, 4, 0),
(1725, 86, 5, 1),
(1726, 86, 6, 1),
(1727, 86, 7, 1),
(1728, 86, 8, 0),
(1729, 86, 9, 1),
(1730, 86, 10, 0),
(1731, 86, 11, 1),
(1732, 86, 12, 0),
(1733, 86, 13, 1),
(1734, 86, 14, 1),
(1735, 86, 15, 1),
(1736, 86, 16, 0),
(1737, 86, 17, 0),
(1738, 86, 18, 1),
(1739, 86, 19, 0),
(1740, 86, 20, 24),
(1741, 87, 1, 1),
(1742, 87, 2, 1),
(1743, 87, 3, 1),
(1744, 87, 4, 0),
(1745, 87, 5, 1),
(1746, 87, 6, 1),
(1747, 87, 7, 1),
(1748, 87, 8, 0),
(1749, 87, 9, 1),
(1750, 87, 10, 0),
(1751, 87, 11, 1),
(1752, 87, 12, 0),
(1753, 87, 13, 1),
(1754, 87, 14, 0),
(1755, 87, 15, 1),
(1756, 87, 16, 1),
(1757, 87, 17, 1),
(1758, 87, 18, 0),
(1759, 87, 19, 0),
(1760, 87, 20, 19),
(1761, 88, 1, 1),
(1762, 88, 2, 1),
(1763, 88, 3, 1),
(1764, 88, 4, 0),
(1765, 88, 5, 1),
(1766, 88, 6, 1),
(1767, 88, 7, 1),
(1768, 88, 8, 0),
(1769, 88, 9, 1),
(1770, 88, 10, 0),
(1771, 88, 11, 1),
(1772, 88, 12, 0),
(1773, 88, 13, 1),
(1774, 88, 14, 0),
(1775, 88, 15, 1),
(1776, 88, 16, 1),
(1777, 88, 17, 1),
(1778, 88, 18, 0),
(1779, 88, 19, 0),
(1780, 88, 20, 19),
(1781, 89, 1, 1),
(1782, 89, 2, 1),
(1783, 89, 3, 1),
(1784, 89, 4, 0),
(1785, 89, 5, 1),
(1786, 89, 6, 1),
(1787, 89, 7, 1),
(1788, 89, 8, 0),
(1789, 89, 9, 1),
(1790, 89, 10, 0),
(1791, 89, 11, 1),
(1792, 89, 12, 0),
(1793, 89, 13, 1),
(1794, 89, 14, 0),
(1795, 89, 15, 1),
(1796, 89, 16, 1),
(1797, 89, 17, 1),
(1798, 89, 18, 0),
(1799, 89, 19, 0),
(1800, 89, 20, 19),
(1801, 90, 1, 1),
(1802, 90, 2, 1),
(1803, 90, 3, 1),
(1804, 90, 4, 0),
(1805, 90, 5, 1),
(1806, 90, 6, 1),
(1807, 90, 7, 1),
(1808, 90, 8, 0),
(1809, 90, 9, 1),
(1810, 90, 10, 0),
(1811, 90, 11, 1),
(1812, 90, 12, 0),
(1813, 90, 13, 1),
(1814, 90, 14, 0),
(1815, 90, 15, 1),
(1816, 90, 16, 1),
(1817, 90, 17, 1),
(1818, 90, 18, 0),
(1819, 90, 19, 0),
(1820, 90, 20, 19),
(1821, 91, 1, 1),
(1822, 91, 2, 1),
(1823, 91, 3, 1),
(1824, 91, 4, 0),
(1825, 91, 5, 1),
(1826, 91, 6, 1),
(1827, 91, 7, 1),
(1828, 91, 8, 0),
(1829, 91, 9, 1),
(1830, 91, 10, 0),
(1831, 91, 11, 1),
(1832, 91, 12, 0),
(1833, 91, 13, 1),
(1834, 91, 14, 0),
(1835, 91, 15, 1),
(1836, 91, 16, 1),
(1837, 91, 17, 1),
(1838, 91, 18, 0),
(1839, 91, 19, 0),
(1840, 91, 20, 19),
(1841, 92, 1, 1),
(1842, 92, 2, 1),
(1843, 92, 3, 1),
(1844, 92, 4, 0),
(1845, 92, 5, 1),
(1846, 92, 6, 1),
(1847, 92, 7, 1),
(1848, 92, 8, 0),
(1849, 92, 9, 1),
(1850, 92, 10, 0),
(1851, 92, 11, 1),
(1852, 92, 12, 0),
(1853, 92, 13, 1),
(1854, 92, 14, 0),
(1855, 92, 15, 1),
(1856, 92, 16, 1),
(1857, 92, 17, 1),
(1858, 92, 18, 0),
(1859, 92, 19, 0),
(1860, 92, 20, 19),
(1861, 93, 1, 1),
(1862, 93, 2, 1),
(1863, 93, 3, 1),
(1864, 93, 4, 0),
(1865, 93, 5, 1),
(1866, 93, 6, 1),
(1867, 93, 7, 1),
(1868, 93, 8, 0),
(1869, 93, 9, 1),
(1870, 93, 10, 0),
(1871, 93, 11, 1),
(1872, 93, 12, 0),
(1873, 93, 13, 1),
(1874, 93, 14, 0),
(1875, 93, 15, 1),
(1876, 93, 16, 1),
(1877, 93, 17, 1),
(1878, 93, 18, 0),
(1879, 93, 19, 0),
(1880, 93, 20, 19),
(1881, 94, 1, 1),
(1882, 94, 2, 1),
(1883, 94, 3, 1),
(1884, 94, 4, 0),
(1885, 94, 5, 1),
(1886, 94, 6, 1),
(1887, 94, 7, 1),
(1888, 94, 8, 0),
(1889, 94, 9, 1),
(1890, 94, 10, 0),
(1891, 94, 11, 1),
(1892, 94, 12, 0),
(1893, 94, 13, 1),
(1894, 94, 14, 0),
(1895, 94, 15, 1),
(1896, 94, 16, 1),
(1897, 94, 17, 1),
(1898, 94, 18, 0),
(1899, 94, 19, 0),
(1900, 94, 20, 19),
(1901, 95, 1, 1),
(1902, 95, 2, 1),
(1903, 95, 3, 1),
(1904, 95, 4, 0),
(1905, 95, 5, 1),
(1906, 95, 6, 1),
(1907, 95, 7, 1),
(1908, 95, 8, 0),
(1909, 95, 9, 1),
(1910, 95, 10, 0),
(1911, 95, 11, 1),
(1912, 95, 12, 0),
(1913, 95, 13, 1),
(1914, 95, 14, 0),
(1915, 95, 15, 1),
(1916, 95, 16, 1),
(1917, 95, 17, 1),
(1918, 95, 18, 0),
(1919, 95, 19, 0),
(1920, 95, 20, 19),
(1921, 96, 1, 1),
(1922, 96, 2, 1),
(1923, 96, 3, 1),
(1924, 96, 4, 0),
(1925, 96, 5, 1),
(1926, 96, 6, 1),
(1927, 96, 7, 1),
(1928, 96, 8, 0),
(1929, 96, 9, 1),
(1930, 96, 10, 0),
(1931, 96, 11, 1),
(1932, 96, 12, 0),
(1933, 96, 13, 1),
(1934, 96, 14, 0),
(1935, 96, 15, 1),
(1936, 96, 16, 1),
(1937, 96, 17, 1),
(1938, 96, 18, 0),
(1939, 96, 19, 0),
(1940, 96, 20, 19),
(1941, 97, 1, 1),
(1942, 97, 2, 1),
(1943, 97, 3, 1),
(1944, 97, 4, 0),
(1945, 97, 5, 1),
(1946, 97, 6, 1),
(1947, 97, 7, 1),
(1948, 97, 8, 0),
(1949, 97, 9, 1),
(1950, 97, 10, 0),
(1951, 97, 11, 1),
(1952, 97, 12, 0),
(1953, 97, 13, 1),
(1954, 97, 14, 0),
(1955, 97, 15, 1),
(1956, 97, 16, 1),
(1957, 97, 17, 1),
(1958, 97, 18, 0),
(1959, 97, 19, 0),
(1960, 97, 20, 19),
(1961, 98, 1, 1),
(1962, 98, 2, 1),
(1963, 98, 3, 1),
(1964, 98, 4, 0),
(1965, 98, 5, 1),
(1966, 98, 6, 1),
(1967, 98, 7, 1),
(1968, 98, 8, 0),
(1969, 98, 9, 1),
(1970, 98, 10, 0),
(1971, 98, 11, 1),
(1972, 98, 12, 0),
(1973, 98, 13, 1),
(1974, 98, 14, 0),
(1975, 98, 15, 1),
(1976, 98, 16, 1),
(1977, 98, 17, 1),
(1978, 98, 18, 0),
(1979, 98, 19, 0),
(1980, 98, 20, 19),
(1981, 99, 1, 1),
(1982, 99, 2, 1),
(1983, 99, 3, 1),
(1984, 99, 4, 0),
(1985, 99, 5, 1),
(1986, 99, 6, 1),
(1987, 99, 7, 1),
(1988, 99, 8, 0),
(1989, 99, 9, 1),
(1990, 99, 10, 0),
(1991, 99, 11, 1),
(1992, 99, 12, 0),
(1993, 99, 13, 1),
(1994, 99, 14, 0),
(1995, 99, 15, 1),
(1996, 99, 16, 1),
(1997, 99, 17, 1),
(1998, 99, 18, 0),
(1999, 99, 19, 0),
(2000, 99, 20, 19),
(2001, 100, 1, 1),
(2002, 100, 2, 1),
(2003, 100, 3, 1),
(2004, 100, 4, 0),
(2005, 100, 5, 1),
(2006, 100, 6, 1),
(2007, 100, 7, 1),
(2008, 100, 8, 0),
(2009, 100, 9, 1),
(2010, 100, 10, 0),
(2011, 100, 11, 1),
(2012, 100, 12, 0),
(2013, 100, 13, 1),
(2014, 100, 14, 0),
(2015, 100, 15, 1),
(2016, 100, 16, 1),
(2017, 100, 17, 1),
(2018, 100, 18, 0),
(2019, 100, 19, 0),
(2020, 100, 20, 19),
(2021, 101, 1, 1),
(2022, 101, 2, 1),
(2023, 101, 3, 1),
(2024, 101, 4, 0),
(2025, 101, 5, 1),
(2026, 101, 6, 1),
(2027, 101, 7, 1),
(2028, 101, 8, 0),
(2029, 101, 9, 1),
(2030, 101, 10, 0),
(2031, 101, 11, 1),
(2032, 101, 12, 0),
(2033, 101, 13, 1),
(2034, 101, 14, 0),
(2035, 101, 15, 1),
(2036, 101, 16, 1),
(2037, 101, 17, 1),
(2038, 101, 18, 0),
(2039, 101, 19, 0),
(2040, 101, 20, 19),
(2041, 102, 1, 1),
(2042, 102, 2, 1),
(2043, 102, 3, 1),
(2044, 102, 4, 0),
(2045, 102, 5, 1),
(2046, 102, 6, 1),
(2047, 102, 7, 1),
(2048, 102, 8, 0),
(2049, 102, 9, 1),
(2050, 102, 10, 0),
(2051, 102, 11, 1),
(2052, 102, 12, 0),
(2053, 102, 13, 1),
(2054, 102, 14, 0),
(2055, 102, 15, 1),
(2056, 102, 16, 1),
(2057, 102, 17, 1),
(2058, 102, 18, 0),
(2059, 102, 19, 0),
(2060, 102, 20, 19),
(2061, 103, 1, 1),
(2062, 103, 2, 1),
(2063, 103, 3, 1),
(2064, 103, 4, 0),
(2065, 103, 5, 1),
(2066, 103, 6, 1),
(2067, 103, 7, 1),
(2068, 103, 8, 0),
(2069, 103, 9, 1),
(2070, 103, 10, 0),
(2071, 103, 11, 1),
(2072, 103, 12, 0),
(2073, 103, 13, 1),
(2074, 103, 14, 0),
(2075, 103, 15, 1),
(2076, 103, 16, 1),
(2077, 103, 17, 1),
(2078, 103, 18, 0),
(2079, 103, 19, 0),
(2080, 103, 20, 19),
(2081, 104, 1, 1),
(2082, 104, 2, 1),
(2083, 104, 3, 1),
(2084, 104, 4, 0),
(2085, 104, 5, 1),
(2086, 104, 6, 1),
(2087, 104, 7, 1),
(2088, 104, 8, 0),
(2089, 104, 9, 1),
(2090, 104, 10, 0),
(2091, 104, 11, 1),
(2092, 104, 12, 0),
(2093, 104, 13, 1),
(2094, 104, 14, 0),
(2095, 104, 15, 1),
(2096, 104, 16, 1),
(2097, 104, 17, 1),
(2098, 104, 18, 0),
(2099, 104, 19, 0),
(2100, 104, 20, 11),
(2101, 105, 1, 0),
(2102, 105, 2, 0),
(2103, 105, 3, 1),
(2104, 105, 4, 0),
(2105, 105, 5, 1),
(2106, 105, 6, 1),
(2107, 105, 7, 1),
(2108, 105, 8, 0),
(2109, 105, 9, 1),
(2110, 105, 10, 0),
(2111, 105, 11, 1),
(2112, 105, 12, 0),
(2113, 105, 13, 1),
(2114, 105, 14, 0),
(2115, 105, 15, 1),
(2116, 105, 16, 1),
(2117, 105, 17, 1),
(2118, 105, 18, 0),
(2119, 105, 19, 0),
(2120, 105, 20, 17),
(2121, 106, 1, 1),
(2122, 106, 2, 1),
(2123, 106, 3, 1),
(2124, 106, 4, 0),
(2125, 106, 5, 1),
(2126, 106, 6, 1),
(2127, 106, 7, 1),
(2128, 106, 8, 0),
(2129, 106, 9, 1),
(2130, 106, 10, 0),
(2131, 106, 11, 1),
(2132, 106, 12, 0),
(2133, 106, 13, 1),
(2134, 106, 14, 0),
(2135, 106, 15, 1),
(2136, 106, 16, 1),
(2137, 106, 17, 1),
(2138, 106, 18, 0),
(2139, 106, 19, 0),
(2140, 106, 20, 19),
(2141, 107, 1, 0),
(2142, 107, 2, 0),
(2143, 107, 3, 0),
(2144, 107, 4, 0),
(2145, 107, 5, 0),
(2146, 107, 6, 0),
(2147, 107, 7, 0),
(2148, 107, 8, 0),
(2149, 107, 9, 0),
(2150, 107, 10, 0),
(2151, 107, 11, 0),
(2152, 107, 12, 0),
(2153, 107, 13, 0),
(2154, 107, 14, 0),
(2155, 107, 15, 0),
(2156, 107, 16, 0),
(2157, 107, 17, 0),
(2158, 107, 18, 0),
(2159, 107, 19, 0),
(2160, 107, 20, 22),
(2161, 108, 1, 0),
(2162, 108, 2, 0),
(2163, 108, 3, 0),
(2164, 108, 4, 0),
(2165, 108, 5, 1),
(2166, 108, 6, 1),
(2167, 108, 7, 1),
(2168, 108, 8, 0),
(2169, 108, 9, 1),
(2170, 108, 10, 0),
(2171, 108, 11, 1),
(2172, 108, 12, 0),
(2173, 108, 13, 1),
(2174, 108, 14, 0),
(2175, 108, 15, 1),
(2176, 108, 16, 1),
(2177, 108, 17, 1),
(2178, 108, 18, 0),
(2179, 108, 19, 0),
(2180, 108, 20, 7),
(2181, 109, 1, 1),
(2182, 109, 2, 1),
(2183, 109, 3, 1),
(2184, 109, 4, 0),
(2185, 109, 5, 0),
(2186, 109, 6, 1),
(2187, 109, 7, 1),
(2188, 109, 8, 0),
(2189, 109, 9, 1),
(2190, 109, 10, 0),
(2191, 109, 11, 1),
(2192, 109, 12, 0),
(2193, 109, 13, 1),
(2194, 109, 14, 0),
(2195, 109, 15, 1),
(2196, 109, 16, 1),
(2197, 109, 17, 1),
(2198, 109, 18, 0),
(2199, 109, 19, 0),
(2200, 109, 20, 19),
(2201, 110, 1, 0),
(2202, 110, 2, 0),
(2203, 110, 3, 0),
(2204, 110, 4, 1),
(2205, 110, 5, 1),
(2206, 110, 6, 1),
(2207, 110, 7, 1),
(2208, 110, 8, 0),
(2209, 110, 9, 1),
(2210, 110, 10, 0),
(2211, 110, 11, 1),
(2212, 110, 12, 0),
(2213, 110, 13, 1),
(2214, 110, 14, 0),
(2215, 110, 15, 1),
(2216, 110, 16, 1),
(2217, 110, 17, 1),
(2218, 110, 18, 0),
(2219, 110, 19, 0),
(2220, 110, 20, 24),
(2221, 111, 1, 1),
(2222, 111, 2, 1),
(2223, 111, 3, 1),
(2224, 111, 4, 0),
(2225, 111, 5, 0),
(2226, 111, 6, 1),
(2227, 111, 7, 1),
(2228, 111, 8, 1),
(2229, 111, 9, 1),
(2230, 111, 10, 0),
(2231, 111, 11, 1),
(2232, 111, 12, 0),
(2233, 111, 13, 1),
(2234, 111, 14, 0),
(2235, 111, 15, 1),
(2236, 111, 16, 0),
(2237, 111, 17, 1),
(2238, 111, 18, 0),
(2239, 111, 19, 1),
(2240, 111, 20, 19),
(2241, 112, 1, 1),
(2242, 112, 2, 1),
(2243, 112, 3, 1),
(2244, 112, 4, 0),
(2245, 112, 5, 1),
(2246, 112, 6, 1),
(2247, 112, 7, 1),
(2248, 112, 8, 0),
(2249, 112, 9, 1),
(2250, 112, 10, 0),
(2251, 112, 11, 1),
(2252, 112, 12, 0),
(2253, 112, 13, 1),
(2254, 112, 14, 0),
(2255, 112, 15, 1),
(2256, 112, 16, 1),
(2257, 112, 17, 1),
(2258, 112, 18, 0),
(2259, 112, 19, 0),
(2260, 112, 20, 19),
(2261, 113, 1, 1),
(2262, 113, 2, 1),
(2263, 113, 3, 0),
(2264, 113, 4, 1),
(2265, 113, 5, 1),
(2266, 113, 6, 0),
(2267, 113, 7, 1),
(2268, 113, 8, 0),
(2269, 113, 9, 1),
(2270, 113, 10, 1),
(2271, 113, 11, 0),
(2272, 113, 12, 1),
(2273, 113, 13, 1),
(2274, 113, 14, 1),
(2275, 113, 15, 1),
(2276, 113, 16, 1),
(2277, 113, 17, 1),
(2278, 113, 18, 1),
(2279, 113, 19, 0),
(2280, 113, 20, 19),
(2281, 114, 1, 1),
(2282, 114, 2, 1),
(2283, 114, 3, 1),
(2284, 114, 4, 0),
(2285, 114, 5, 1),
(2286, 114, 6, 1),
(2287, 114, 7, 1),
(2288, 114, 8, 0),
(2289, 114, 9, 1),
(2290, 114, 10, 0),
(2291, 114, 11, 1),
(2292, 114, 12, 0),
(2293, 114, 13, 1),
(2294, 114, 14, 0),
(2295, 114, 15, 0),
(2296, 114, 16, 0),
(2297, 114, 17, 0),
(2298, 114, 18, 0),
(2299, 114, 19, 0),
(2300, 114, 20, 19),
(2301, 115, 1, 1),
(2302, 115, 2, 1),
(2303, 115, 3, 1),
(2304, 115, 4, 0),
(2305, 115, 5, 1),
(2306, 115, 6, 1),
(2307, 115, 7, 1),
(2308, 115, 8, 0),
(2309, 115, 9, 1),
(2310, 115, 10, 0),
(2311, 115, 11, 1),
(2312, 115, 12, 0),
(2313, 115, 13, 1),
(2314, 115, 14, 0),
(2315, 115, 15, 1),
(2316, 115, 16, 1),
(2317, 115, 17, 1),
(2318, 115, 18, 0),
(2319, 115, 19, 0),
(2320, 115, 20, 19),
(2321, 116, 1, 1),
(2322, 116, 2, 1),
(2323, 116, 3, 1),
(2324, 116, 4, 1),
(2325, 116, 5, 1),
(2326, 116, 6, 1),
(2327, 116, 7, 1),
(2328, 116, 8, 0),
(2329, 116, 9, 1),
(2330, 116, 10, 0),
(2331, 116, 11, 1),
(2332, 116, 12, 0),
(2333, 116, 13, 1),
(2334, 116, 14, 0),
(2335, 116, 15, 1),
(2336, 116, 16, 1),
(2337, 116, 17, 1),
(2338, 116, 18, 0),
(2339, 116, 19, 0),
(2340, 116, 20, 18),
(2341, 117, 1, 0),
(2342, 117, 2, 0),
(2343, 117, 3, 0),
(2344, 117, 4, 0),
(2345, 117, 5, 1),
(2346, 117, 6, 0),
(2347, 117, 7, 0),
(2348, 117, 8, 0),
(2349, 117, 9, 0),
(2350, 117, 10, 0),
(2351, 117, 11, 0),
(2352, 117, 12, 0),
(2353, 117, 13, 0),
(2354, 117, 14, 0),
(2355, 117, 15, 0),
(2356, 117, 16, 0),
(2357, 117, 17, 0),
(2358, 117, 18, 0),
(2359, 117, 19, 0),
(2360, 117, 20, 22),
(2361, 118, 1, 1),
(2362, 118, 2, 0),
(2363, 118, 3, 0),
(2364, 118, 4, 1),
(2365, 118, 5, 0),
(2366, 118, 6, 0),
(2367, 118, 7, 0),
(2368, 118, 8, 0),
(2369, 118, 9, 0),
(2370, 118, 10, 1),
(2371, 118, 11, 0),
(2372, 118, 12, 1),
(2373, 118, 13, 1),
(2374, 118, 14, 1),
(2375, 118, 15, 0),
(2376, 118, 16, 0),
(2377, 118, 17, 0),
(2378, 118, 18, 1),
(2379, 118, 19, 1),
(2380, 118, 20, 8),
(2381, 119, 1, 1),
(2382, 119, 2, 0),
(2383, 119, 3, 0),
(2384, 119, 4, 1),
(2385, 119, 5, 1),
(2386, 119, 6, 1),
(2387, 119, 7, 1),
(2388, 119, 8, 1),
(2389, 119, 9, 1),
(2390, 119, 10, 1),
(2391, 119, 11, 1),
(2392, 119, 12, 1),
(2393, 119, 13, 1),
(2394, 119, 14, 1),
(2395, 119, 15, 1),
(2396, 119, 16, 1),
(2397, 119, 17, 1),
(2398, 119, 18, 1),
(2399, 119, 19, 1),
(2400, 119, 20, 16),
(2401, 120, 1, 0),
(2402, 120, 2, 0),
(2403, 120, 3, 1),
(2404, 120, 4, 0),
(2405, 120, 5, 1),
(2406, 120, 6, 1),
(2407, 120, 7, 1),
(2408, 120, 8, 0),
(2409, 120, 9, 1),
(2410, 120, 10, 0),
(2411, 120, 11, 1),
(2412, 120, 12, 0),
(2413, 120, 13, 1),
(2414, 120, 14, 1),
(2415, 120, 15, 1),
(2416, 120, 16, 0),
(2417, 120, 17, 1),
(2418, 120, 18, 1),
(2419, 120, 19, 0),
(2420, 120, 20, 22),
(2421, 121, 1, 1),
(2422, 121, 2, 1),
(2423, 121, 3, 1),
(2424, 121, 4, 0),
(2425, 121, 5, 1),
(2426, 121, 6, 1),
(2427, 121, 7, 1),
(2428, 121, 8, 0),
(2429, 121, 9, 1),
(2430, 121, 10, 0),
(2431, 121, 11, 1),
(2432, 121, 12, 0),
(2433, 121, 13, 1),
(2434, 121, 14, 0),
(2435, 121, 15, 0),
(2436, 121, 16, 0),
(2437, 121, 17, 0),
(2438, 121, 18, 0),
(2439, 121, 19, 0),
(2440, 121, 20, 19),
(2441, 122, 1, 0),
(2442, 122, 2, 0),
(2443, 122, 3, 1),
(2444, 122, 4, 0),
(2445, 122, 5, 1),
(2446, 122, 6, 1),
(2447, 122, 7, 0),
(2448, 122, 8, 1),
(2449, 122, 9, 1),
(2450, 122, 10, 1),
(2451, 122, 11, 0),
(2452, 122, 12, 0),
(2453, 122, 13, 1),
(2454, 122, 14, 0),
(2455, 122, 15, 1),
(2456, 122, 16, 0),
(2457, 122, 17, 1),
(2458, 122, 18, 0),
(2459, 122, 19, 1),
(2460, 122, 20, 18),
(2461, 123, 1, 1),
(2462, 123, 2, 1),
(2463, 123, 3, 1),
(2464, 123, 4, 0),
(2465, 123, 5, 1),
(2466, 123, 6, 1),
(2467, 123, 7, 1),
(2468, 123, 8, 0),
(2469, 123, 9, 1),
(2470, 123, 10, 0),
(2471, 123, 11, 1),
(2472, 123, 12, 0),
(2473, 123, 13, 1),
(2474, 123, 14, 0),
(2475, 123, 15, 1),
(2476, 123, 16, 1),
(2477, 123, 17, 1),
(2478, 123, 18, 0),
(2479, 123, 19, 0),
(2480, 123, 20, 19),
(2481, 124, 1, 1),
(2482, 124, 2, 1),
(2483, 124, 3, 1),
(2484, 124, 4, 0),
(2485, 124, 5, 1),
(2486, 124, 6, 1),
(2487, 124, 7, 1),
(2488, 124, 8, 0),
(2489, 124, 9, 1),
(2490, 124, 10, 0),
(2491, 124, 11, 1),
(2492, 124, 12, 0),
(2493, 124, 13, 1),
(2494, 124, 14, 0),
(2495, 124, 15, 1),
(2496, 124, 16, 1),
(2497, 124, 17, 1),
(2498, 124, 18, 0),
(2499, 124, 19, 0),
(2500, 124, 20, 19),
(2501, 125, 1, 1),
(2502, 125, 2, 1),
(2503, 125, 3, 1),
(2504, 125, 4, 0),
(2505, 125, 5, 1),
(2506, 125, 6, 1),
(2507, 125, 7, 1),
(2508, 125, 8, 0),
(2509, 125, 9, 1),
(2510, 125, 10, 0),
(2511, 125, 11, 1),
(2512, 125, 12, 0),
(2513, 125, 13, 1),
(2514, 125, 14, 0),
(2515, 125, 15, 1),
(2516, 125, 16, 1),
(2517, 125, 17, 1),
(2518, 125, 18, 0),
(2519, 125, 19, 0),
(2520, 125, 20, 19),
(2521, 126, 1, 1),
(2522, 126, 2, 1),
(2523, 126, 3, 0),
(2524, 126, 4, 0),
(2525, 126, 5, 1),
(2526, 126, 6, 1),
(2527, 126, 7, 1),
(2528, 126, 8, 1),
(2529, 126, 9, 1),
(2530, 126, 10, 0),
(2531, 126, 11, 1),
(2532, 126, 12, 0),
(2533, 126, 13, 1),
(2534, 126, 14, 0),
(2535, 126, 15, 1),
(2536, 126, 16, 0),
(2537, 126, 17, 1),
(2538, 126, 18, 0),
(2539, 126, 19, 1),
(2540, 126, 20, 19),
(2541, 127, 1, 1),
(2542, 127, 2, 1),
(2543, 127, 3, 1),
(2544, 127, 4, 0),
(2545, 127, 5, 1),
(2546, 127, 6, 1),
(2547, 127, 7, 1),
(2548, 127, 8, 0),
(2549, 127, 9, 1),
(2550, 127, 10, 0),
(2551, 127, 11, 1),
(2552, 127, 12, 0),
(2553, 127, 13, 1),
(2554, 127, 14, 0),
(2555, 127, 15, 1),
(2556, 127, 16, 1),
(2557, 127, 17, 1),
(2558, 127, 18, 0),
(2559, 127, 19, 0),
(2560, 127, 20, 19),
(2561, 128, 1, 1),
(2562, 128, 2, 1),
(2563, 128, 3, 1),
(2564, 128, 4, 0),
(2565, 128, 5, 1),
(2566, 128, 6, 1),
(2567, 128, 7, 1),
(2568, 128, 8, 0),
(2569, 128, 9, 1),
(2570, 128, 10, 0),
(2571, 128, 11, 1),
(2572, 128, 12, 0),
(2573, 128, 13, 1),
(2574, 128, 14, 0),
(2575, 128, 15, 1),
(2576, 128, 16, 1),
(2577, 128, 17, 1),
(2578, 128, 18, 0),
(2579, 128, 19, 0),
(2580, 128, 20, 23),
(2581, 129, 1, 1),
(2582, 129, 2, 1),
(2583, 129, 3, 1),
(2584, 129, 4, 0),
(2585, 129, 5, 1),
(2586, 129, 6, 1),
(2587, 129, 7, 1),
(2588, 129, 8, 0),
(2589, 129, 9, 1),
(2590, 129, 10, 0),
(2591, 129, 11, 1),
(2592, 129, 12, 0),
(2593, 129, 13, 1),
(2594, 129, 14, 0),
(2595, 129, 15, 1),
(2596, 129, 16, 1),
(2597, 129, 17, 1),
(2598, 129, 18, 0),
(2599, 129, 19, 0),
(2600, 129, 20, 19),
(2601, 130, 1, 1),
(2602, 130, 2, 0),
(2603, 130, 3, 1),
(2604, 130, 4, 0),
(2605, 130, 5, 1),
(2606, 130, 6, 1),
(2607, 130, 7, 1),
(2608, 130, 8, 0),
(2609, 130, 9, 1),
(2610, 130, 10, 0),
(2611, 130, 11, 1),
(2612, 130, 12, 0),
(2613, 130, 13, 1),
(2614, 130, 14, 0),
(2615, 130, 15, 1),
(2616, 130, 16, 1),
(2617, 130, 17, 1),
(2618, 130, 18, 0),
(2619, 130, 19, 0),
(2620, 130, 20, 21),
(2621, 131, 1, 1),
(2622, 131, 2, 1),
(2623, 131, 3, 1),
(2624, 131, 4, 0),
(2625, 131, 5, 1),
(2626, 131, 6, 1),
(2627, 131, 7, 1),
(2628, 131, 8, 0),
(2629, 131, 9, 1),
(2630, 131, 10, 0),
(2631, 131, 11, 1),
(2632, 131, 12, 0),
(2633, 131, 13, 1),
(2634, 131, 14, 0),
(2635, 131, 15, 1),
(2636, 131, 16, 1),
(2637, 131, 17, 1),
(2638, 131, 18, 0),
(2639, 131, 19, 0),
(2640, 131, 20, 19),
(2641, 132, 1, 1),
(2642, 132, 2, 1),
(2643, 132, 3, 1),
(2644, 132, 4, 0),
(2645, 132, 5, 1),
(2646, 132, 6, 1),
(2647, 132, 7, 1),
(2648, 132, 8, 0),
(2649, 132, 9, 1),
(2650, 132, 10, 0),
(2651, 132, 11, 1),
(2652, 132, 12, 0),
(2653, 132, 13, 1),
(2654, 132, 14, 0),
(2655, 132, 15, 1),
(2656, 132, 16, 1),
(2657, 132, 17, 1),
(2658, 132, 18, 0),
(2659, 132, 19, 0),
(2660, 132, 20, 19),
(2661, 133, 1, 1),
(2662, 133, 2, 0),
(2663, 133, 3, 1),
(2664, 133, 4, 0),
(2665, 133, 5, 0),
(2666, 133, 6, 0),
(2667, 133, 7, 0),
(2668, 133, 8, 0),
(2669, 133, 9, 0),
(2670, 133, 10, 0),
(2671, 133, 11, 1),
(2672, 133, 12, 0),
(2673, 133, 13, 1),
(2674, 133, 14, 0),
(2675, 133, 15, 1),
(2676, 133, 16, 1),
(2677, 133, 17, 1),
(2678, 133, 18, 0),
(2679, 133, 19, 0),
(2680, 133, 20, 19),
(2681, 134, 1, 1),
(2682, 134, 2, 1),
(2683, 134, 3, 1),
(2684, 134, 4, 0),
(2685, 134, 5, 1),
(2686, 134, 6, 1),
(2687, 134, 7, 1),
(2688, 134, 8, 0),
(2689, 134, 9, 1),
(2690, 134, 10, 0),
(2691, 134, 11, 1),
(2692, 134, 12, 0),
(2693, 134, 13, 1),
(2694, 134, 14, 0),
(2695, 134, 15, 1),
(2696, 134, 16, 1),
(2697, 134, 17, 1),
(2698, 134, 18, 0),
(2699, 134, 19, 0),
(2700, 134, 20, 19),
(2701, 135, 1, 1),
(2702, 135, 2, 1),
(2703, 135, 3, 1),
(2704, 135, 4, 1),
(2705, 135, 5, 1),
(2706, 135, 6, 1),
(2707, 135, 7, 1),
(2708, 135, 8, 1),
(2709, 135, 9, 1),
(2710, 135, 10, 1),
(2711, 135, 11, 1),
(2712, 135, 12, 1),
(2713, 135, 13, 1),
(2714, 135, 14, 1),
(2715, 135, 15, 1),
(2716, 135, 16, 1),
(2717, 135, 17, 1),
(2718, 135, 18, 1),
(2719, 135, 19, 1),
(2720, 135, 20, 24),
(2721, 136, 1, 1),
(2722, 136, 2, 1),
(2723, 136, 3, 1),
(2724, 136, 4, 0),
(2725, 136, 5, 1),
(2726, 136, 6, 1),
(2727, 136, 7, 1),
(2728, 136, 8, 0),
(2729, 136, 9, 1),
(2730, 136, 10, 0),
(2731, 136, 11, 1),
(2732, 136, 12, 0),
(2733, 136, 13, 1),
(2734, 136, 14, 0),
(2735, 136, 15, 1),
(2736, 136, 16, 1),
(2737, 136, 17, 1),
(2738, 136, 18, 0),
(2739, 136, 19, 0),
(2740, 136, 20, 19),
(2741, 137, 1, 1),
(2742, 137, 2, 1),
(2743, 137, 3, 1),
(2744, 137, 4, 0),
(2745, 137, 5, 1),
(2746, 137, 6, 1),
(2747, 137, 7, 1),
(2748, 137, 8, 0),
(2749, 137, 9, 1),
(2750, 137, 10, 0),
(2751, 137, 11, 1),
(2752, 137, 12, 0),
(2753, 137, 13, 1),
(2754, 137, 14, 0),
(2755, 137, 15, 1),
(2756, 137, 16, 1),
(2757, 137, 17, 1),
(2758, 137, 18, 0),
(2759, 137, 19, 0),
(2760, 137, 20, 19),
(2761, 138, 1, 1),
(2762, 138, 2, 1),
(2763, 138, 3, 1),
(2764, 138, 4, 0),
(2765, 138, 5, 1),
(2766, 138, 6, 1),
(2767, 138, 7, 1),
(2768, 138, 8, 0),
(2769, 138, 9, 1),
(2770, 138, 10, 0),
(2771, 138, 11, 1),
(2772, 138, 12, 0),
(2773, 138, 13, 1),
(2774, 138, 14, 0),
(2775, 138, 15, 1),
(2776, 138, 16, 1),
(2777, 138, 17, 1),
(2778, 138, 18, 0),
(2779, 138, 19, 0),
(2780, 138, 20, 19),
(2781, 139, 1, 1),
(2782, 139, 2, 1),
(2783, 139, 3, 1),
(2784, 139, 4, 0),
(2785, 139, 5, 1),
(2786, 139, 6, 1),
(2787, 139, 7, 1),
(2788, 139, 8, 0),
(2789, 139, 9, 1),
(2790, 139, 10, 0),
(2791, 139, 11, 1),
(2792, 139, 12, 0),
(2793, 139, 13, 1),
(2794, 139, 14, 0),
(2795, 139, 15, 1),
(2796, 139, 16, 1),
(2797, 139, 17, 1),
(2798, 139, 18, 0),
(2799, 139, 19, 0),
(2800, 139, 20, 19),
(2801, 140, 1, 1),
(2802, 140, 2, 1),
(2803, 140, 3, 1),
(2804, 140, 4, 0),
(2805, 140, 5, 1),
(2806, 140, 6, 1),
(2807, 140, 7, 1),
(2808, 140, 8, 0),
(2809, 140, 9, 1),
(2810, 140, 10, 0),
(2811, 140, 11, 1),
(2812, 140, 12, 0),
(2813, 140, 13, 1),
(2814, 140, 14, 0),
(2815, 140, 15, 1),
(2816, 140, 16, 1),
(2817, 140, 17, 1),
(2818, 140, 18, 0),
(2819, 140, 19, 0),
(2820, 140, 20, 19),
(2821, 141, 1, 1),
(2822, 141, 2, 1),
(2823, 141, 3, 1),
(2824, 141, 4, 1),
(2825, 141, 5, 1),
(2826, 141, 6, 1),
(2827, 141, 7, 1),
(2828, 141, 8, 1),
(2829, 141, 9, 1),
(2830, 141, 10, 1),
(2831, 141, 11, 1),
(2832, 141, 12, 1),
(2833, 141, 13, 1),
(2834, 141, 14, 1),
(2835, 141, 15, 1),
(2836, 141, 16, 1),
(2837, 141, 17, 1),
(2838, 141, 18, 1),
(2839, 141, 19, 1),
(2840, 141, 20, 21),
(2841, 142, 1, 1),
(2842, 142, 2, 1),
(2843, 142, 3, 1),
(2844, 142, 4, 0),
(2845, 142, 5, 1),
(2846, 142, 6, 1),
(2847, 142, 7, 1),
(2848, 142, 8, 0),
(2849, 142, 9, 1),
(2850, 142, 10, 0),
(2851, 142, 11, 1),
(2852, 142, 12, 0),
(2853, 142, 13, 1),
(2854, 142, 14, 0),
(2855, 142, 15, 1),
(2856, 142, 16, 1),
(2857, 142, 17, 1),
(2858, 142, 18, 0),
(2859, 142, 19, 0),
(2860, 142, 20, 19),
(2861, 143, 1, 1),
(2862, 143, 2, 1),
(2863, 143, 3, 1),
(2864, 143, 4, 0),
(2865, 143, 5, 1),
(2866, 143, 6, 1),
(2867, 143, 7, 1),
(2868, 143, 8, 0),
(2869, 143, 9, 1),
(2870, 143, 10, 0),
(2871, 143, 11, 1),
(2872, 143, 12, 0),
(2873, 143, 13, 1),
(2874, 143, 14, 0),
(2875, 143, 15, 1),
(2876, 143, 16, 1),
(2877, 143, 17, 1),
(2878, 143, 18, 0),
(2879, 143, 19, 0),
(2880, 143, 20, 19),
(2881, 144, 1, 1),
(2882, 144, 2, 1),
(2883, 144, 3, 1),
(2884, 144, 4, 0),
(2885, 144, 5, 1),
(2886, 144, 6, 1),
(2887, 144, 7, 1),
(2888, 144, 8, 0),
(2889, 144, 9, 1),
(2890, 144, 10, 0),
(2891, 144, 11, 1),
(2892, 144, 12, 0),
(2893, 144, 13, 1),
(2894, 144, 14, 0),
(2895, 144, 15, 1),
(2896, 144, 16, 1),
(2897, 144, 17, 1),
(2898, 144, 18, 0),
(2899, 144, 19, 0),
(2900, 144, 20, 19),
(2901, 145, 1, 1),
(2902, 145, 2, 1),
(2903, 145, 3, 1),
(2904, 145, 4, 0),
(2905, 145, 5, 1),
(2906, 145, 6, 1),
(2907, 145, 7, 1),
(2908, 145, 8, 1),
(2909, 145, 9, 1),
(2910, 145, 10, 0),
(2911, 145, 11, 1),
(2912, 145, 12, 0),
(2913, 145, 13, 1),
(2914, 145, 14, 0),
(2915, 145, 15, 1),
(2916, 145, 16, 1),
(2917, 145, 17, 1),
(2918, 145, 18, 0),
(2919, 145, 19, 0),
(2920, 145, 20, 22),
(2921, 146, 1, 1),
(2922, 146, 2, 1),
(2923, 146, 3, 1),
(2924, 146, 4, 0),
(2925, 146, 5, 1),
(2926, 146, 6, 1),
(2927, 146, 7, 1),
(2928, 146, 8, 0),
(2929, 146, 9, 1),
(2930, 146, 10, 0),
(2931, 146, 11, 1),
(2932, 146, 12, 0),
(2933, 146, 13, 1),
(2934, 146, 14, 0),
(2935, 146, 15, 1),
(2936, 146, 16, 1),
(2937, 146, 17, 1),
(2938, 146, 18, 0),
(2939, 146, 19, 0),
(2940, 146, 20, 19),
(2941, 147, 1, 1),
(2942, 147, 2, 1),
(2943, 147, 3, 1),
(2944, 147, 4, 0),
(2945, 147, 5, 1),
(2946, 147, 6, 1),
(2947, 147, 7, 1),
(2948, 147, 8, 0),
(2949, 147, 9, 1),
(2950, 147, 10, 0),
(2951, 147, 11, 1),
(2952, 147, 12, 0),
(2953, 147, 13, 1),
(2954, 147, 14, 0),
(2955, 147, 15, 1),
(2956, 147, 16, 1),
(2957, 147, 17, 1),
(2958, 147, 18, 0),
(2959, 147, 19, 0),
(2960, 147, 20, 19),
(2961, 148, 1, 1),
(2962, 148, 2, 1),
(2963, 148, 3, 1),
(2964, 148, 4, 0),
(2965, 148, 5, 1),
(2966, 148, 6, 1),
(2967, 148, 7, 1),
(2968, 148, 8, 0),
(2969, 148, 9, 1),
(2970, 148, 10, 0),
(2971, 148, 11, 1),
(2972, 148, 12, 0),
(2973, 148, 13, 1),
(2974, 148, 14, 0),
(2975, 148, 15, 1),
(2976, 148, 16, 1),
(2977, 148, 17, 1),
(2978, 148, 18, 0),
(2979, 148, 19, 0),
(2980, 148, 20, 19),
(2981, 149, 1, 1),
(2982, 149, 2, 1),
(2983, 149, 3, 1),
(2984, 149, 4, 1),
(2985, 149, 5, 1),
(2986, 149, 6, 0),
(2987, 149, 7, 0),
(2988, 149, 8, 0),
(2989, 149, 9, 0),
(2990, 149, 10, 0),
(2991, 149, 11, 0),
(2992, 149, 12, 0),
(2993, 149, 13, 1),
(2994, 149, 14, 0),
(2995, 149, 15, 1),
(2996, 149, 16, 1),
(2997, 149, 17, 1),
(2998, 149, 18, 0),
(2999, 149, 19, 0),
(3000, 149, 20, 18),
(3001, 150, 1, 1),
(3002, 150, 2, 1),
(3003, 150, 3, 1),
(3004, 150, 4, 0),
(3005, 150, 5, 1),
(3006, 150, 6, 1),
(3007, 150, 7, 1),
(3008, 150, 8, 0),
(3009, 150, 9, 1),
(3010, 150, 10, 0),
(3011, 150, 11, 1),
(3012, 150, 12, 0),
(3013, 150, 13, 1),
(3014, 150, 14, 0),
(3015, 150, 15, 1),
(3016, 150, 16, 1),
(3017, 150, 17, 1),
(3018, 150, 18, 0),
(3019, 150, 19, 0),
(3020, 150, 20, 19),
(3021, 151, 1, 1),
(3022, 151, 2, 1),
(3023, 151, 3, 1);
INSERT INTO `final_home_items` (`line_id`, `home_id`, `setting_id`, `value`) VALUES
(3024, 151, 4, 0),
(3025, 151, 5, 1),
(3026, 151, 6, 1),
(3027, 151, 7, 1),
(3028, 151, 8, 0),
(3029, 151, 9, 1),
(3030, 151, 10, 0),
(3031, 151, 11, 1),
(3032, 151, 12, 0),
(3033, 151, 13, 1),
(3034, 151, 14, 0),
(3035, 151, 15, 1),
(3036, 151, 16, 1),
(3037, 151, 17, 1),
(3038, 151, 18, 0),
(3039, 151, 19, 0),
(3040, 151, 20, 19),
(3041, 152, 1, 1),
(3042, 152, 2, 1),
(3043, 152, 3, 1),
(3044, 152, 4, 0),
(3045, 152, 5, 1),
(3046, 152, 6, 1),
(3047, 152, 7, 1),
(3048, 152, 8, 0),
(3049, 152, 9, 1),
(3050, 152, 10, 0),
(3051, 152, 11, 1),
(3052, 152, 12, 0),
(3053, 152, 13, 1),
(3054, 152, 14, 0),
(3055, 152, 15, 1),
(3056, 152, 16, 1),
(3057, 152, 17, 1),
(3058, 152, 18, 0),
(3059, 152, 19, 0),
(3060, 152, 20, 18),
(3061, 153, 1, 1),
(3062, 153, 2, 1),
(3063, 153, 3, 1),
(3064, 153, 4, 0),
(3065, 153, 5, 1),
(3066, 153, 6, 1),
(3067, 153, 7, 1),
(3068, 153, 8, 0),
(3069, 153, 9, 1),
(3070, 153, 10, 0),
(3071, 153, 11, 1),
(3072, 153, 12, 0),
(3073, 153, 13, 1),
(3074, 153, 14, 0),
(3075, 153, 15, 1),
(3076, 153, 16, 1),
(3077, 153, 17, 1),
(3078, 153, 18, 0),
(3079, 153, 19, 0),
(3080, 153, 20, 19),
(3081, 154, 1, 1),
(3082, 154, 2, 1),
(3083, 154, 3, 1),
(3084, 154, 4, 0),
(3085, 154, 5, 1),
(3086, 154, 6, 1),
(3087, 154, 7, 1),
(3088, 154, 8, 0),
(3089, 154, 9, 1),
(3090, 154, 10, 0),
(3091, 154, 11, 1),
(3092, 154, 12, 0),
(3093, 154, 13, 1),
(3094, 154, 14, 0),
(3095, 154, 15, 1),
(3096, 154, 16, 1),
(3097, 154, 17, 1),
(3098, 154, 18, 0),
(3099, 154, 19, 0),
(3100, 154, 20, 19),
(3101, 155, 1, 1),
(3102, 155, 2, 1),
(3103, 155, 3, 1),
(3104, 155, 4, 1),
(3105, 155, 5, 1),
(3106, 155, 6, 1),
(3107, 155, 7, 1),
(3108, 155, 8, 0),
(3109, 155, 9, 1),
(3110, 155, 10, 0),
(3111, 155, 11, 1),
(3112, 155, 12, 0),
(3113, 155, 13, 1),
(3114, 155, 14, 0),
(3115, 155, 15, 1),
(3116, 155, 16, 1),
(3117, 155, 17, 1),
(3118, 155, 18, 0),
(3119, 155, 19, 0),
(3120, 155, 20, 20),
(3121, 156, 1, 1),
(3122, 156, 2, 1),
(3123, 156, 3, 1),
(3124, 156, 4, 0),
(3125, 156, 5, 1),
(3126, 156, 6, 1),
(3127, 156, 7, 1),
(3128, 156, 8, 0),
(3129, 156, 9, 1),
(3130, 156, 10, 0),
(3131, 156, 11, 1),
(3132, 156, 12, 0),
(3133, 156, 13, 1),
(3134, 156, 14, 0),
(3135, 156, 15, 1),
(3136, 156, 16, 1),
(3137, 156, 17, 1),
(3138, 156, 18, 0),
(3139, 156, 19, 0),
(3140, 156, 20, 19),
(3141, 157, 1, 1),
(3142, 157, 2, 1),
(3143, 157, 3, 1),
(3144, 157, 4, 0),
(3145, 157, 5, 1),
(3146, 157, 6, 1),
(3147, 157, 7, 1),
(3148, 157, 8, 0),
(3149, 157, 9, 1),
(3150, 157, 10, 0),
(3151, 157, 11, 1),
(3152, 157, 12, 0),
(3153, 157, 13, 1),
(3154, 157, 14, 0),
(3155, 157, 15, 1),
(3156, 157, 16, 1),
(3157, 157, 17, 1),
(3158, 157, 18, 0),
(3159, 157, 19, 0),
(3160, 157, 20, 19),
(3161, 158, 1, 1),
(3162, 158, 2, 1),
(3163, 158, 3, 1),
(3164, 158, 4, 0),
(3165, 158, 5, 1),
(3166, 158, 6, 1),
(3167, 158, 7, 1),
(3168, 158, 8, 1),
(3169, 158, 9, 1),
(3170, 158, 10, 0),
(3171, 158, 11, 1),
(3172, 158, 12, 0),
(3173, 158, 13, 1),
(3174, 158, 14, 0),
(3175, 158, 15, 1),
(3176, 158, 16, 1),
(3177, 158, 17, 1),
(3178, 158, 18, 0),
(3179, 158, 19, 0),
(3180, 158, 20, 20),
(3181, 159, 1, 1),
(3182, 159, 2, 1),
(3183, 159, 3, 1),
(3184, 159, 4, 0),
(3185, 159, 5, 1),
(3186, 159, 6, 1),
(3187, 159, 7, 1),
(3188, 159, 8, 0),
(3189, 159, 9, 1),
(3190, 159, 10, 0),
(3191, 159, 11, 1),
(3192, 159, 12, 0),
(3193, 159, 13, 1),
(3194, 159, 14, 0),
(3195, 159, 15, 1),
(3196, 159, 16, 1),
(3197, 159, 17, 1),
(3198, 159, 18, 0),
(3199, 159, 19, 0),
(3200, 159, 20, 19),
(3201, 160, 1, 1),
(3202, 160, 2, 1),
(3203, 160, 3, 1),
(3204, 160, 4, 0),
(3205, 160, 5, 1),
(3206, 160, 6, 1),
(3207, 160, 7, 1),
(3208, 160, 8, 0),
(3209, 160, 9, 1),
(3210, 160, 10, 0),
(3211, 160, 11, 1),
(3212, 160, 12, 0),
(3213, 160, 13, 1),
(3214, 160, 14, 0),
(3215, 160, 15, 1),
(3216, 160, 16, 1),
(3217, 160, 17, 1),
(3218, 160, 18, 0),
(3219, 160, 19, 0),
(3220, 160, 20, 19),
(3221, 161, 1, 1),
(3222, 161, 2, 1),
(3223, 161, 3, 1),
(3224, 161, 4, 0),
(3225, 161, 5, 1),
(3226, 161, 6, 1),
(3227, 161, 7, 1),
(3228, 161, 8, 0),
(3229, 161, 9, 1),
(3230, 161, 10, 0),
(3231, 161, 11, 1),
(3232, 161, 12, 0),
(3233, 161, 13, 1),
(3234, 161, 14, 0),
(3235, 161, 15, 1),
(3236, 161, 16, 1),
(3237, 161, 17, 1),
(3238, 161, 18, 0),
(3239, 161, 19, 0),
(3240, 161, 20, 19),
(3241, 162, 1, 1),
(3242, 162, 2, 1),
(3243, 162, 3, 1),
(3244, 162, 4, 0),
(3245, 162, 5, 1),
(3246, 162, 6, 1),
(3247, 162, 7, 1),
(3248, 162, 8, 0),
(3249, 162, 9, 1),
(3250, 162, 10, 0),
(3251, 162, 11, 1),
(3252, 162, 12, 0),
(3253, 162, 13, 1),
(3254, 162, 14, 0),
(3255, 162, 15, 1),
(3256, 162, 16, 1),
(3257, 162, 17, 1),
(3258, 162, 18, 0),
(3259, 162, 19, 0),
(3260, 162, 20, 19),
(3261, 163, 1, 1),
(3262, 163, 2, 1),
(3263, 163, 3, 1),
(3264, 163, 4, 0),
(3265, 163, 5, 1),
(3266, 163, 6, 1),
(3267, 163, 7, 1),
(3268, 163, 8, 0),
(3269, 163, 9, 1),
(3270, 163, 10, 0),
(3271, 163, 11, 1),
(3272, 163, 12, 0),
(3273, 163, 13, 1),
(3274, 163, 14, 0),
(3275, 163, 15, 1),
(3276, 163, 16, 1),
(3277, 163, 17, 1),
(3278, 163, 18, 0),
(3279, 163, 19, 0),
(3280, 163, 20, 19),
(3281, 164, 1, 0),
(3282, 164, 2, 0),
(3283, 164, 3, 0),
(3284, 164, 4, 0),
(3285, 164, 5, 1),
(3286, 164, 6, 1),
(3287, 164, 7, 1),
(3288, 164, 8, 1),
(3289, 164, 9, 1),
(3290, 164, 10, 1),
(3291, 164, 11, 1),
(3292, 164, 12, 1),
(3293, 164, 13, 1),
(3294, 164, 14, 1),
(3295, 164, 15, 1),
(3296, 164, 16, 1),
(3297, 164, 17, 1),
(3298, 164, 18, 1),
(3299, 164, 19, 1),
(3300, 164, 20, 19),
(3301, 165, 1, 1),
(3302, 165, 2, 1),
(3303, 165, 3, 1),
(3304, 165, 4, 0),
(3305, 165, 5, 1),
(3306, 165, 6, 1),
(3307, 165, 7, 1),
(3308, 165, 8, 0),
(3309, 165, 9, 1),
(3310, 165, 10, 0),
(3311, 165, 11, 1),
(3312, 165, 12, 0),
(3313, 165, 13, 1),
(3314, 165, 14, 0),
(3315, 165, 15, 1),
(3316, 165, 16, 1),
(3317, 165, 17, 1),
(3318, 165, 18, 0),
(3319, 165, 19, 0),
(3320, 165, 20, 19),
(3321, 166, 1, 1),
(3322, 166, 2, 1),
(3323, 166, 3, 1),
(3324, 166, 4, 0),
(3325, 166, 5, 1),
(3326, 166, 6, 1),
(3327, 166, 7, 1),
(3328, 166, 8, 0),
(3329, 166, 9, 1),
(3330, 166, 10, 0),
(3331, 166, 11, 1),
(3332, 166, 12, 0),
(3333, 166, 13, 1),
(3334, 166, 14, 0),
(3335, 166, 15, 1),
(3336, 166, 16, 1),
(3337, 166, 17, 1),
(3338, 166, 18, 0),
(3339, 166, 19, 0),
(3340, 166, 20, 19),
(3341, 167, 1, 1),
(3342, 167, 2, 1),
(3343, 167, 3, 1),
(3344, 167, 4, 1),
(3345, 167, 5, 0),
(3346, 167, 6, 0),
(3347, 167, 7, 1),
(3348, 167, 8, 0),
(3349, 167, 9, 1),
(3350, 167, 10, 0),
(3351, 167, 11, 1),
(3352, 167, 12, 0),
(3353, 167, 13, 1),
(3354, 167, 14, 0),
(3355, 167, 15, 1),
(3356, 167, 16, 1),
(3357, 167, 17, 1),
(3358, 167, 18, 0),
(3359, 167, 19, 0),
(3360, 167, 20, 22),
(3361, 168, 1, 1),
(3362, 168, 2, 1),
(3363, 168, 3, 1),
(3364, 168, 4, 0),
(3365, 168, 5, 1),
(3366, 168, 6, 1),
(3367, 168, 7, 1),
(3368, 168, 8, 0),
(3369, 168, 9, 1),
(3370, 168, 10, 0),
(3371, 168, 11, 1),
(3372, 168, 12, 0),
(3373, 168, 13, 1),
(3374, 168, 14, 0),
(3375, 168, 15, 1),
(3376, 168, 16, 1),
(3377, 168, 17, 1),
(3378, 168, 18, 0),
(3379, 168, 19, 0),
(3380, 168, 20, 19),
(3381, 169, 1, 1),
(3382, 169, 2, 0),
(3383, 169, 3, 1),
(3384, 169, 4, 1),
(3385, 169, 5, 1),
(3386, 169, 6, 1),
(3387, 169, 7, 1),
(3388, 169, 8, 0),
(3389, 169, 9, 1),
(3390, 169, 10, 0),
(3391, 169, 11, 1),
(3392, 169, 12, 0),
(3393, 169, 13, 1),
(3394, 169, 14, 0),
(3395, 169, 15, 1),
(3396, 169, 16, 1),
(3397, 169, 17, 1),
(3398, 169, 18, 0),
(3399, 169, 19, 0),
(3400, 169, 20, 23),
(3401, 170, 1, 1),
(3402, 170, 2, 1),
(3403, 170, 3, 1),
(3404, 170, 4, 0),
(3405, 170, 5, 0),
(3406, 170, 6, 1),
(3407, 170, 7, 1),
(3408, 170, 8, 0),
(3409, 170, 9, 1),
(3410, 170, 10, 0),
(3411, 170, 11, 1),
(3412, 170, 12, 0),
(3413, 170, 13, 1),
(3414, 170, 14, 0),
(3415, 170, 15, 0),
(3416, 170, 16, 0),
(3417, 170, 17, 0),
(3418, 170, 18, 0),
(3419, 170, 19, 1),
(3420, 170, 20, 13),
(3421, 171, 1, 1),
(3422, 171, 2, 1),
(3423, 171, 3, 1),
(3424, 171, 4, 0),
(3425, 171, 5, 1),
(3426, 171, 6, 1),
(3427, 171, 7, 1),
(3428, 171, 8, 0),
(3429, 171, 9, 1),
(3430, 171, 10, 0),
(3431, 171, 11, 1),
(3432, 171, 12, 0),
(3433, 171, 13, 1),
(3434, 171, 14, 0),
(3435, 171, 15, 1),
(3436, 171, 16, 1),
(3437, 171, 17, 1),
(3438, 171, 18, 0),
(3439, 171, 19, 0),
(3440, 171, 20, 19),
(3441, 172, 1, 1),
(3442, 172, 2, 1),
(3443, 172, 3, 1),
(3444, 172, 4, 0),
(3445, 172, 5, 1),
(3446, 172, 6, 1),
(3447, 172, 7, 1),
(3448, 172, 8, 0),
(3449, 172, 9, 1),
(3450, 172, 10, 0),
(3451, 172, 11, 1),
(3452, 172, 12, 1),
(3453, 172, 13, 1),
(3454, 172, 14, 0),
(3455, 172, 15, 1),
(3456, 172, 16, 1),
(3457, 172, 17, 1),
(3458, 172, 18, 0),
(3459, 172, 19, 0),
(3460, 172, 20, 19),
(3461, 173, 1, 1),
(3462, 173, 2, 1),
(3463, 173, 3, 1),
(3464, 173, 4, 0),
(3465, 173, 5, 1),
(3466, 173, 6, 1),
(3467, 173, 7, 1),
(3468, 173, 8, 0),
(3469, 173, 9, 1),
(3470, 173, 10, 0),
(3471, 173, 11, 1),
(3472, 173, 12, 0),
(3473, 173, 13, 1),
(3474, 173, 14, 0),
(3475, 173, 15, 1),
(3476, 173, 16, 1),
(3477, 173, 17, 1),
(3478, 173, 18, 0),
(3479, 173, 19, 0),
(3480, 173, 20, 19),
(3481, 174, 1, 1),
(3482, 174, 2, 1),
(3483, 174, 3, 1),
(3484, 174, 4, 0),
(3485, 174, 5, 1),
(3486, 174, 6, 1),
(3487, 174, 7, 1),
(3488, 174, 8, 0),
(3489, 174, 9, 1),
(3490, 174, 10, 0),
(3491, 174, 11, 1),
(3492, 174, 12, 0),
(3493, 174, 13, 1),
(3494, 174, 14, 0),
(3495, 174, 15, 1),
(3496, 174, 16, 1),
(3497, 174, 17, 1),
(3498, 174, 18, 0),
(3499, 174, 19, 0),
(3500, 174, 20, 19),
(3501, 175, 1, 1),
(3502, 175, 2, 1),
(3503, 175, 3, 1),
(3504, 175, 4, 0),
(3505, 175, 5, 1),
(3506, 175, 6, 1),
(3507, 175, 7, 1),
(3508, 175, 8, 0),
(3509, 175, 9, 1),
(3510, 175, 10, 0),
(3511, 175, 11, 1),
(3512, 175, 12, 0),
(3513, 175, 13, 1),
(3514, 175, 14, 0),
(3515, 175, 15, 1),
(3516, 175, 16, 1),
(3517, 175, 17, 1),
(3518, 175, 18, 0),
(3519, 175, 19, 0),
(3520, 175, 20, 19),
(3521, 176, 1, 1),
(3522, 176, 2, 0),
(3523, 176, 3, 1),
(3524, 176, 4, 1),
(3525, 176, 5, 0),
(3526, 176, 6, 1),
(3527, 176, 7, 1),
(3528, 176, 8, 0),
(3529, 176, 9, 0),
(3530, 176, 10, 0),
(3531, 176, 11, 1),
(3532, 176, 12, 1),
(3533, 176, 13, 1),
(3534, 176, 14, 0),
(3535, 176, 15, 1),
(3536, 176, 16, 1),
(3537, 176, 17, 0),
(3538, 176, 18, 0),
(3539, 176, 19, 0),
(3540, 176, 20, 16),
(3541, 177, 1, 1),
(3542, 177, 2, 1),
(3543, 177, 3, 1),
(3544, 177, 4, 0),
(3545, 177, 5, 1),
(3546, 177, 6, 1),
(3547, 177, 7, 1),
(3548, 177, 8, 0),
(3549, 177, 9, 1),
(3550, 177, 10, 0),
(3551, 177, 11, 1),
(3552, 177, 12, 0),
(3553, 177, 13, 1),
(3554, 177, 14, 0),
(3555, 177, 15, 1),
(3556, 177, 16, 1),
(3557, 177, 17, 1),
(3558, 177, 18, 0),
(3559, 177, 19, 0),
(3560, 177, 20, 19),
(3561, 178, 1, 1),
(3562, 178, 2, 1),
(3563, 178, 3, 1),
(3564, 178, 4, 0),
(3565, 178, 5, 1),
(3566, 178, 6, 1),
(3567, 178, 7, 1),
(3568, 178, 8, 0),
(3569, 178, 9, 1),
(3570, 178, 10, 0),
(3571, 178, 11, 1),
(3572, 178, 12, 0),
(3573, 178, 13, 1),
(3574, 178, 14, 0),
(3575, 178, 15, 1),
(3576, 178, 16, 1),
(3577, 178, 17, 1),
(3578, 178, 18, 0),
(3579, 178, 19, 0),
(3580, 178, 20, 19),
(3581, 179, 1, 1),
(3582, 179, 2, 1),
(3583, 179, 3, 1),
(3584, 179, 4, 0),
(3585, 179, 5, 1),
(3586, 179, 6, 1),
(3587, 179, 7, 1),
(3588, 179, 8, 0),
(3589, 179, 9, 1),
(3590, 179, 10, 0),
(3591, 179, 11, 1),
(3592, 179, 12, 0),
(3593, 179, 13, 1),
(3594, 179, 14, 0),
(3595, 179, 15, 1),
(3596, 179, 16, 1),
(3597, 179, 17, 1),
(3598, 179, 18, 0),
(3599, 179, 19, 0),
(3600, 179, 20, 19),
(3601, 180, 1, 1),
(3602, 180, 2, 1),
(3603, 180, 3, 1),
(3604, 180, 4, 0),
(3605, 180, 5, 1),
(3606, 180, 6, 1),
(3607, 180, 7, 1),
(3608, 180, 8, 0),
(3609, 180, 9, 1),
(3610, 180, 10, 0),
(3611, 180, 11, 1),
(3612, 180, 12, 0),
(3613, 180, 13, 1),
(3614, 180, 14, 0),
(3615, 180, 15, 1),
(3616, 180, 16, 1),
(3617, 180, 17, 1),
(3618, 180, 18, 0),
(3619, 180, 19, 0),
(3620, 180, 20, 19),
(3621, 181, 1, 1),
(3622, 181, 2, 1),
(3623, 181, 3, 1),
(3624, 181, 4, 0),
(3625, 181, 5, 1),
(3626, 181, 6, 1),
(3627, 181, 7, 1),
(3628, 181, 8, 0),
(3629, 181, 9, 1),
(3630, 181, 10, 0),
(3631, 181, 11, 1),
(3632, 181, 12, 0),
(3633, 181, 13, 1),
(3634, 181, 14, 0),
(3635, 181, 15, 1),
(3636, 181, 16, 1),
(3637, 181, 17, 1),
(3638, 181, 18, 0),
(3639, 181, 19, 0),
(3640, 181, 20, 19),
(3641, 182, 1, 1),
(3642, 182, 2, 1),
(3643, 182, 3, 1),
(3644, 182, 4, 0),
(3645, 182, 5, 1),
(3646, 182, 6, 1),
(3647, 182, 7, 1),
(3648, 182, 8, 0),
(3649, 182, 9, 1),
(3650, 182, 10, 0),
(3651, 182, 11, 1),
(3652, 182, 12, 0),
(3653, 182, 13, 1),
(3654, 182, 14, 0),
(3655, 182, 15, 1),
(3656, 182, 16, 1),
(3657, 182, 17, 1),
(3658, 182, 18, 0),
(3659, 182, 19, 0),
(3660, 182, 20, 19),
(3661, 183, 1, 1),
(3662, 183, 2, 1),
(3663, 183, 3, 1),
(3664, 183, 4, 0),
(3665, 183, 5, 1),
(3666, 183, 6, 1),
(3667, 183, 7, 1),
(3668, 183, 8, 0),
(3669, 183, 9, 1),
(3670, 183, 10, 0),
(3671, 183, 11, 1),
(3672, 183, 12, 0),
(3673, 183, 13, 1),
(3674, 183, 14, 0),
(3675, 183, 15, 1),
(3676, 183, 16, 1),
(3677, 183, 17, 1),
(3678, 183, 18, 0),
(3679, 183, 19, 0),
(3680, 183, 20, 19),
(3681, 184, 1, 1),
(3682, 184, 2, 1),
(3683, 184, 3, 1),
(3684, 184, 4, 1),
(3685, 184, 5, 1),
(3686, 184, 6, 1),
(3687, 184, 7, 1),
(3688, 184, 8, 0),
(3689, 184, 9, 1),
(3690, 184, 10, 0),
(3691, 184, 11, 1),
(3692, 184, 12, 0),
(3693, 184, 13, 1),
(3694, 184, 14, 0),
(3695, 184, 15, 0),
(3696, 184, 16, 1),
(3697, 184, 17, 1),
(3698, 184, 18, 0),
(3699, 184, 19, 1),
(3700, 184, 20, 19),
(3701, 185, 1, 0),
(3702, 185, 2, 0),
(3703, 185, 3, 0),
(3704, 185, 4, 0),
(3705, 185, 5, 0),
(3706, 185, 6, 1),
(3707, 185, 7, 1),
(3708, 185, 8, 1),
(3709, 185, 9, 1),
(3710, 185, 10, 1),
(3711, 185, 11, 1),
(3712, 185, 12, 1),
(3713, 185, 13, 1),
(3714, 185, 14, 1),
(3715, 185, 15, 1),
(3716, 185, 16, 1),
(3717, 185, 17, 1),
(3718, 185, 18, 1),
(3719, 185, 19, 0),
(3720, 185, 20, 19),
(3721, 186, 1, 1),
(3722, 186, 2, 0),
(3723, 186, 3, 1),
(3724, 186, 4, 0),
(3725, 186, 5, 1),
(3726, 186, 6, 1),
(3727, 186, 7, 1),
(3728, 186, 8, 0),
(3729, 186, 9, 1),
(3730, 186, 10, 0),
(3731, 186, 11, 1),
(3732, 186, 12, 1),
(3733, 186, 13, 1),
(3734, 186, 14, 1),
(3735, 186, 15, 1),
(3736, 186, 16, 1),
(3737, 186, 17, 1),
(3738, 186, 18, 0),
(3739, 186, 19, 0),
(3740, 186, 20, 21),
(3741, 187, 1, 1),
(3742, 187, 2, 1),
(3743, 187, 3, 1),
(3744, 187, 4, 0),
(3745, 187, 5, 1),
(3746, 187, 6, 1),
(3747, 187, 7, 1),
(3748, 187, 8, 0),
(3749, 187, 9, 1),
(3750, 187, 10, 0),
(3751, 187, 11, 1),
(3752, 187, 12, 0),
(3753, 187, 13, 1),
(3754, 187, 14, 0),
(3755, 187, 15, 1),
(3756, 187, 16, 1),
(3757, 187, 17, 1),
(3758, 187, 18, 0),
(3759, 187, 19, 0),
(3760, 187, 20, 19),
(3761, 188, 1, 1),
(3762, 188, 2, 1),
(3763, 188, 3, 1),
(3764, 188, 4, 0),
(3765, 188, 5, 1),
(3766, 188, 6, 1),
(3767, 188, 7, 0),
(3768, 188, 8, 0),
(3769, 188, 9, 1),
(3770, 188, 10, 1),
(3771, 188, 11, 1),
(3772, 188, 12, 0),
(3773, 188, 13, 1),
(3774, 188, 14, 0),
(3775, 188, 15, 1),
(3776, 188, 16, 1),
(3777, 188, 17, 1),
(3778, 188, 18, 0),
(3779, 188, 19, 0),
(3780, 188, 20, 19),
(3781, 189, 1, 1),
(3782, 189, 2, 1),
(3783, 189, 3, 1),
(3784, 189, 4, 1),
(3785, 189, 5, 1),
(3786, 189, 6, 1),
(3787, 189, 7, 1),
(3788, 189, 8, 0),
(3789, 189, 9, 1),
(3790, 189, 10, 0),
(3791, 189, 11, 1),
(3792, 189, 12, 0),
(3793, 189, 13, 0),
(3794, 189, 14, 0),
(3795, 189, 15, 1),
(3796, 189, 16, 1),
(3797, 189, 17, 1),
(3798, 189, 18, 0),
(3799, 189, 19, 0),
(3800, 189, 20, 19),
(3801, 190, 1, 1),
(3802, 190, 2, 0),
(3803, 190, 3, 1),
(3804, 190, 4, 0),
(3805, 190, 5, 1),
(3806, 190, 6, 1),
(3807, 190, 7, 1),
(3808, 190, 8, 0),
(3809, 190, 9, 1),
(3810, 190, 10, 0),
(3811, 190, 11, 1),
(3812, 190, 12, 0),
(3813, 190, 13, 1),
(3814, 190, 14, 0),
(3815, 190, 15, 1),
(3816, 190, 16, 1),
(3817, 190, 17, 1),
(3818, 190, 18, 0),
(3819, 190, 19, 0),
(3820, 190, 20, 19),
(3821, 191, 1, 1),
(3822, 191, 2, 1),
(3823, 191, 3, 1),
(3824, 191, 4, 0),
(3825, 191, 5, 1),
(3826, 191, 6, 1),
(3827, 191, 7, 1),
(3828, 191, 8, 0),
(3829, 191, 9, 1),
(3830, 191, 10, 0),
(3831, 191, 11, 1),
(3832, 191, 12, 0),
(3833, 191, 13, 1),
(3834, 191, 14, 0),
(3835, 191, 15, 1),
(3836, 191, 16, 1),
(3837, 191, 17, 1),
(3838, 191, 18, 0),
(3839, 191, 19, 0),
(3840, 191, 20, 19),
(3841, 192, 1, 1),
(3842, 192, 2, 1),
(3843, 192, 3, 1),
(3844, 192, 4, 0),
(3845, 192, 5, 1),
(3846, 192, 6, 1),
(3847, 192, 7, 1),
(3848, 192, 8, 0),
(3849, 192, 9, 1),
(3850, 192, 10, 0),
(3851, 192, 11, 1),
(3852, 192, 12, 0),
(3853, 192, 13, 1),
(3854, 192, 14, 0),
(3855, 192, 15, 1),
(3856, 192, 16, 1),
(3857, 192, 17, 1),
(3858, 192, 18, 0),
(3859, 192, 19, 0),
(3860, 192, 20, 19),
(3861, 193, 1, 1),
(3862, 193, 2, 1),
(3863, 193, 3, 1),
(3864, 193, 4, 0),
(3865, 193, 5, 1),
(3866, 193, 6, 1),
(3867, 193, 7, 1),
(3868, 193, 8, 0),
(3869, 193, 9, 1),
(3870, 193, 10, 0),
(3871, 193, 11, 1),
(3872, 193, 12, 0),
(3873, 193, 13, 1),
(3874, 193, 14, 0),
(3875, 193, 15, 1),
(3876, 193, 16, 1),
(3877, 193, 17, 1),
(3878, 193, 18, 0),
(3879, 193, 19, 0),
(3880, 193, 20, 19),
(3881, 194, 1, 1),
(3882, 194, 2, 1),
(3883, 194, 3, 1),
(3884, 194, 4, 0),
(3885, 194, 5, 1),
(3886, 194, 6, 1),
(3887, 194, 7, 1),
(3888, 194, 8, 1),
(3889, 194, 9, 1),
(3890, 194, 10, 1),
(3891, 194, 11, 1),
(3892, 194, 12, 1),
(3893, 194, 13, 1),
(3894, 194, 14, 1),
(3895, 194, 15, 1),
(3896, 194, 16, 0),
(3897, 194, 17, 1),
(3898, 194, 18, 1),
(3899, 194, 19, 1),
(3900, 194, 20, 22),
(3901, 195, 1, 1),
(3902, 195, 2, 1),
(3903, 195, 3, 1),
(3904, 195, 4, 0),
(3905, 195, 5, 0),
(3906, 195, 6, 1),
(3907, 195, 7, 1),
(3908, 195, 8, 0),
(3909, 195, 9, 1),
(3910, 195, 10, 0),
(3911, 195, 11, 0),
(3912, 195, 12, 1),
(3913, 195, 13, 0),
(3914, 195, 14, 0),
(3915, 195, 15, 1),
(3916, 195, 16, 1),
(3917, 195, 17, 1),
(3918, 195, 18, 0),
(3919, 195, 19, 1),
(3920, 195, 20, 19),
(3921, 196, 1, 1),
(3922, 196, 2, 1),
(3923, 196, 3, 1),
(3924, 196, 4, 0),
(3925, 196, 5, 1),
(3926, 196, 6, 1),
(3927, 196, 7, 1),
(3928, 196, 8, 0),
(3929, 196, 9, 1),
(3930, 196, 10, 0),
(3931, 196, 11, 1),
(3932, 196, 12, 0),
(3933, 196, 13, 1),
(3934, 196, 14, 0),
(3935, 196, 15, 1),
(3936, 196, 16, 1),
(3937, 196, 17, 1),
(3938, 196, 18, 0),
(3939, 196, 19, 0),
(3940, 196, 20, 19),
(3941, 197, 1, 1),
(3942, 197, 2, 1),
(3943, 197, 3, 1),
(3944, 197, 4, 0),
(3945, 197, 5, 1),
(3946, 197, 6, 1),
(3947, 197, 7, 1),
(3948, 197, 8, 1),
(3949, 197, 9, 0),
(3950, 197, 10, 1),
(3951, 197, 11, 0),
(3952, 197, 12, 0),
(3953, 197, 13, 1),
(3954, 197, 14, 0),
(3955, 197, 15, 1),
(3956, 197, 16, 1),
(3957, 197, 17, 1),
(3958, 197, 18, 0),
(3959, 197, 19, 0),
(3960, 197, 20, 19),
(3961, 198, 1, 1),
(3962, 198, 2, 1),
(3963, 198, 3, 1),
(3964, 198, 4, 0),
(3965, 198, 5, 1),
(3966, 198, 6, 1),
(3967, 198, 7, 1),
(3968, 198, 8, 0),
(3969, 198, 9, 1),
(3970, 198, 10, 0),
(3971, 198, 11, 1),
(3972, 198, 12, 0),
(3973, 198, 13, 1),
(3974, 198, 14, 0),
(3975, 198, 15, 1),
(3976, 198, 16, 1),
(3977, 198, 17, 1),
(3978, 198, 18, 0),
(3979, 198, 19, 0),
(3980, 198, 20, 19),
(3981, 199, 1, 1),
(3982, 199, 2, 1),
(3983, 199, 3, 1),
(3984, 199, 4, 0),
(3985, 199, 5, 1),
(3986, 199, 6, 1),
(3987, 199, 7, 1),
(3988, 199, 8, 0),
(3989, 199, 9, 1),
(3990, 199, 10, 0),
(3991, 199, 11, 1),
(3992, 199, 12, 0),
(3993, 199, 13, 1),
(3994, 199, 14, 0),
(3995, 199, 15, 1),
(3996, 199, 16, 1),
(3997, 199, 17, 1),
(3998, 199, 18, 0),
(3999, 199, 19, 0),
(4000, 199, 20, 19),
(4001, 200, 1, 1),
(4002, 200, 2, 1),
(4003, 200, 3, 1),
(4004, 200, 4, 0),
(4005, 200, 5, 1),
(4006, 200, 6, 1),
(4007, 200, 7, 1),
(4008, 200, 8, 0),
(4009, 200, 9, 1),
(4010, 200, 10, 0),
(4011, 200, 11, 1),
(4012, 200, 12, 0),
(4013, 200, 13, 1),
(4014, 200, 14, 0),
(4015, 200, 15, 1),
(4016, 200, 16, 1),
(4017, 200, 17, 1),
(4018, 200, 18, 0),
(4019, 200, 19, 0),
(4020, 200, 20, 19),
(4021, 201, 1, 1),
(4022, 201, 2, 1),
(4023, 201, 3, 1),
(4024, 201, 4, 0),
(4025, 201, 5, 1),
(4026, 201, 6, 1),
(4027, 201, 7, 1),
(4028, 201, 8, 0),
(4029, 201, 9, 1),
(4030, 201, 10, 0),
(4031, 201, 11, 1),
(4032, 201, 12, 0),
(4033, 201, 13, 1),
(4034, 201, 14, 0),
(4035, 201, 15, 1),
(4036, 201, 16, 1),
(4037, 201, 17, 1),
(4038, 201, 18, 0),
(4039, 201, 19, 0),
(4040, 201, 20, 19),
(4041, 202, 1, 0),
(4042, 202, 2, 0),
(4043, 202, 3, 0),
(4044, 202, 4, 0),
(4045, 202, 5, 1),
(4046, 202, 6, 1),
(4047, 202, 7, 1),
(4048, 202, 8, 0),
(4049, 202, 9, 1),
(4050, 202, 10, 0),
(4051, 202, 11, 1),
(4052, 202, 12, 0),
(4053, 202, 13, 1),
(4054, 202, 14, 0),
(4055, 202, 15, 1),
(4056, 202, 16, 1),
(4057, 202, 17, 1),
(4058, 202, 18, 0),
(4059, 202, 19, 0),
(4060, 202, 20, 20),
(4061, 203, 1, 1),
(4062, 203, 2, 1),
(4063, 203, 3, 1),
(4064, 203, 4, 0),
(4065, 203, 5, 1),
(4066, 203, 6, 0),
(4067, 203, 7, 1),
(4068, 203, 8, 0),
(4069, 203, 9, 1),
(4070, 203, 10, 0),
(4071, 203, 11, 1),
(4072, 203, 12, 0),
(4073, 203, 13, 1),
(4074, 203, 14, 0),
(4075, 203, 15, 1),
(4076, 203, 16, 1),
(4077, 203, 17, 1),
(4078, 203, 18, 0),
(4079, 203, 19, 1),
(4080, 203, 20, 23),
(4081, 204, 1, 1),
(4082, 204, 2, 1),
(4083, 204, 3, 1),
(4084, 204, 4, 0),
(4085, 204, 5, 1),
(4086, 204, 6, 1),
(4087, 204, 7, 1),
(4088, 204, 8, 0),
(4089, 204, 9, 1),
(4090, 204, 10, 0),
(4091, 204, 11, 1),
(4092, 204, 12, 0),
(4093, 204, 13, 1),
(4094, 204, 14, 0),
(4095, 204, 15, 1),
(4096, 204, 16, 1),
(4097, 204, 17, 1),
(4098, 204, 18, 0),
(4099, 204, 19, 0),
(4100, 204, 20, 19),
(4101, 205, 1, 1),
(4102, 205, 2, 1),
(4103, 205, 3, 1),
(4104, 205, 4, 0),
(4105, 205, 5, 1),
(4106, 205, 6, 0),
(4107, 205, 7, 1),
(4108, 205, 8, 0),
(4109, 205, 9, 1),
(4110, 205, 10, 1),
(4111, 205, 11, 1),
(4112, 205, 12, 0),
(4113, 205, 13, 1),
(4114, 205, 14, 0),
(4115, 205, 15, 1),
(4116, 205, 16, 1),
(4117, 205, 17, 1),
(4118, 205, 18, 0),
(4119, 205, 19, 0),
(4120, 205, 20, 19),
(4121, 206, 1, 1),
(4122, 206, 2, 1),
(4123, 206, 3, 1),
(4124, 206, 4, 0),
(4125, 206, 5, 1),
(4126, 206, 6, 1),
(4127, 206, 7, 1),
(4128, 206, 8, 0),
(4129, 206, 9, 1),
(4130, 206, 10, 0),
(4131, 206, 11, 1),
(4132, 206, 12, 0),
(4133, 206, 13, 1),
(4134, 206, 14, 0),
(4135, 206, 15, 1),
(4136, 206, 16, 1),
(4137, 206, 17, 1),
(4138, 206, 18, 0),
(4139, 206, 19, 0),
(4140, 206, 20, 19),
(4141, 207, 1, 1),
(4142, 207, 2, 1),
(4143, 207, 3, 1),
(4144, 207, 4, 0),
(4145, 207, 5, 1),
(4146, 207, 6, 1),
(4147, 207, 7, 1),
(4148, 207, 8, 0),
(4149, 207, 9, 1),
(4150, 207, 10, 0),
(4151, 207, 11, 1),
(4152, 207, 12, 0),
(4153, 207, 13, 1),
(4154, 207, 14, 0),
(4155, 207, 15, 1),
(4156, 207, 16, 1),
(4157, 207, 17, 1),
(4158, 207, 18, 0),
(4159, 207, 19, 0),
(4160, 207, 20, 19),
(4161, 208, 1, 1),
(4162, 208, 2, 1),
(4163, 208, 3, 1),
(4164, 208, 4, 0),
(4165, 208, 5, 1),
(4166, 208, 6, 1),
(4167, 208, 7, 1),
(4168, 208, 8, 0),
(4169, 208, 9, 1),
(4170, 208, 10, 0),
(4171, 208, 11, 1),
(4172, 208, 12, 0),
(4173, 208, 13, 1),
(4174, 208, 14, 0),
(4175, 208, 15, 1),
(4176, 208, 16, 1),
(4177, 208, 17, 1),
(4178, 208, 18, 0),
(4179, 208, 19, 0),
(4180, 208, 20, 19),
(4181, 209, 1, 1),
(4182, 209, 2, 1),
(4183, 209, 3, 1),
(4184, 209, 4, 0),
(4185, 209, 5, 0),
(4186, 209, 6, 1),
(4187, 209, 7, 1),
(4188, 209, 8, 0),
(4189, 209, 9, 1),
(4190, 209, 10, 0),
(4191, 209, 11, 0),
(4192, 209, 12, 0),
(4193, 209, 13, 1),
(4194, 209, 14, 0),
(4195, 209, 15, 1),
(4196, 209, 16, 0),
(4197, 209, 17, 1),
(4198, 209, 18, 0),
(4199, 209, 19, 0),
(4200, 209, 20, 19),
(4201, 210, 1, 1),
(4202, 210, 2, 1),
(4203, 210, 3, 1),
(4204, 210, 4, 0),
(4205, 210, 5, 1),
(4206, 210, 6, 1),
(4207, 210, 7, 1),
(4208, 210, 8, 0),
(4209, 210, 9, 1),
(4210, 210, 10, 0),
(4211, 210, 11, 1),
(4212, 210, 12, 0),
(4213, 210, 13, 1),
(4214, 210, 14, 0),
(4215, 210, 15, 1),
(4216, 210, 16, 1),
(4217, 210, 17, 1),
(4218, 210, 18, 0),
(4219, 210, 19, 0),
(4220, 210, 20, 19),
(4221, 211, 1, 1),
(4222, 211, 2, 1),
(4223, 211, 3, 1),
(4224, 211, 4, 0),
(4225, 211, 5, 1),
(4226, 211, 6, 1),
(4227, 211, 7, 1),
(4228, 211, 8, 0),
(4229, 211, 9, 1),
(4230, 211, 10, 0),
(4231, 211, 11, 1),
(4232, 211, 12, 0),
(4233, 211, 13, 1),
(4234, 211, 14, 0),
(4235, 211, 15, 1),
(4236, 211, 16, 1),
(4237, 211, 17, 1),
(4238, 211, 18, 0),
(4239, 211, 19, 0),
(4240, 211, 20, 19),
(4241, 212, 1, 1),
(4242, 212, 2, 1),
(4243, 212, 3, 1),
(4244, 212, 4, 0),
(4245, 212, 5, 1),
(4246, 212, 6, 0),
(4247, 212, 7, 0),
(4248, 212, 8, 1),
(4249, 212, 9, 0),
(4250, 212, 10, 1),
(4251, 212, 11, 1),
(4252, 212, 12, 0),
(4253, 212, 13, 1),
(4254, 212, 14, 1),
(4255, 212, 15, 1),
(4256, 212, 16, 1),
(4257, 212, 17, 1),
(4258, 212, 18, 0),
(4259, 212, 19, 1),
(4260, 212, 20, 18),
(4261, 213, 1, 1),
(4262, 213, 2, 1),
(4263, 213, 3, 1),
(4264, 213, 4, 0),
(4265, 213, 5, 1),
(4266, 213, 6, 1),
(4267, 213, 7, 1),
(4268, 213, 8, 0),
(4269, 213, 9, 1),
(4270, 213, 10, 0),
(4271, 213, 11, 1),
(4272, 213, 12, 0),
(4273, 213, 13, 1),
(4274, 213, 14, 0),
(4275, 213, 15, 1),
(4276, 213, 16, 1),
(4277, 213, 17, 1),
(4278, 213, 18, 0),
(4279, 213, 19, 0),
(4280, 213, 20, 19),
(4281, 214, 1, 0),
(4282, 214, 2, 1),
(4283, 214, 3, 1),
(4284, 214, 4, 0),
(4285, 214, 5, 1),
(4286, 214, 6, 1),
(4287, 214, 7, 1),
(4288, 214, 8, 0),
(4289, 214, 9, 1),
(4290, 214, 10, 0),
(4291, 214, 11, 1),
(4292, 214, 12, 0),
(4293, 214, 13, 1),
(4294, 214, 14, 0),
(4295, 214, 15, 1),
(4296, 214, 16, 1),
(4297, 214, 17, 1),
(4298, 214, 18, 0),
(4299, 214, 19, 0),
(4300, 214, 20, 20),
(4301, 215, 1, 1),
(4302, 215, 2, 1),
(4303, 215, 3, 1),
(4304, 215, 4, 0),
(4305, 215, 5, 1),
(4306, 215, 6, 1),
(4307, 215, 7, 1),
(4308, 215, 8, 0),
(4309, 215, 9, 1),
(4310, 215, 10, 0),
(4311, 215, 11, 1),
(4312, 215, 12, 0),
(4313, 215, 13, 1),
(4314, 215, 14, 0),
(4315, 215, 15, 1),
(4316, 215, 16, 1),
(4317, 215, 17, 1),
(4318, 215, 18, 0),
(4319, 215, 19, 1),
(4320, 215, 20, 21),
(4321, 216, 1, 1),
(4322, 216, 2, 1),
(4323, 216, 3, 1),
(4324, 216, 4, 0),
(4325, 216, 5, 1),
(4326, 216, 6, 1),
(4327, 216, 7, 1),
(4328, 216, 8, 0),
(4329, 216, 9, 1),
(4330, 216, 10, 0),
(4331, 216, 11, 1),
(4332, 216, 12, 0),
(4333, 216, 13, 1),
(4334, 216, 14, 0),
(4335, 216, 15, 1),
(4336, 216, 16, 1),
(4337, 216, 17, 1),
(4338, 216, 18, 0),
(4339, 216, 19, 0),
(4340, 216, 20, 19),
(4341, 217, 1, 1),
(4342, 217, 2, 1),
(4343, 217, 3, 1),
(4344, 217, 4, 0),
(4345, 217, 5, 1),
(4346, 217, 6, 1),
(4347, 217, 7, 1),
(4348, 217, 8, 0),
(4349, 217, 9, 1),
(4350, 217, 10, 0),
(4351, 217, 11, 1),
(4352, 217, 12, 0),
(4353, 217, 13, 1),
(4354, 217, 14, 0),
(4355, 217, 15, 1),
(4356, 217, 16, 1),
(4357, 217, 17, 1),
(4358, 217, 18, 0),
(4359, 217, 19, 0),
(4360, 217, 20, 19),
(4361, 218, 1, 1),
(4362, 218, 2, 1),
(4363, 218, 3, 1),
(4364, 218, 4, 0),
(4365, 218, 5, 1),
(4366, 218, 6, 1),
(4367, 218, 7, 1),
(4368, 218, 8, 0),
(4369, 218, 9, 1),
(4370, 218, 10, 0),
(4371, 218, 11, 1),
(4372, 218, 12, 0),
(4373, 218, 13, 1),
(4374, 218, 14, 0),
(4375, 218, 15, 1),
(4376, 218, 16, 1),
(4377, 218, 17, 1),
(4378, 218, 18, 0),
(4379, 218, 19, 0),
(4380, 218, 20, 19),
(4381, 219, 1, 1),
(4382, 219, 2, 1),
(4383, 219, 3, 1),
(4384, 219, 4, 1),
(4385, 219, 5, 1),
(4386, 219, 6, 0),
(4387, 219, 7, 1),
(4388, 219, 8, 1),
(4389, 219, 9, 1),
(4390, 219, 10, 1),
(4391, 219, 11, 1),
(4392, 219, 12, 1),
(4393, 219, 13, 0),
(4394, 219, 14, 0),
(4395, 219, 15, 1),
(4396, 219, 16, 1),
(4397, 219, 17, 1),
(4398, 219, 18, 0),
(4399, 219, 19, 1),
(4400, 219, 20, 16),
(4401, 220, 1, 0),
(4402, 220, 2, 0),
(4403, 220, 3, 0),
(4404, 220, 4, 1),
(4405, 220, 5, 1),
(4406, 220, 6, 1),
(4407, 220, 7, 1),
(4408, 220, 8, 0),
(4409, 220, 9, 1),
(4410, 220, 10, 0),
(4411, 220, 11, 1),
(4412, 220, 12, 0),
(4413, 220, 13, 1),
(4414, 220, 14, 0),
(4415, 220, 15, 1),
(4416, 220, 16, 1),
(4417, 220, 17, 1),
(4418, 220, 18, 0),
(4419, 220, 19, 0),
(4420, 220, 20, 21),
(4421, 221, 1, 1),
(4422, 221, 2, 1),
(4423, 221, 3, 1),
(4424, 221, 4, 0),
(4425, 221, 5, 1),
(4426, 221, 6, 1),
(4427, 221, 7, 1),
(4428, 221, 8, 0),
(4429, 221, 9, 1),
(4430, 221, 10, 0),
(4431, 221, 11, 1),
(4432, 221, 12, 0),
(4433, 221, 13, 1),
(4434, 221, 14, 0),
(4435, 221, 15, 1),
(4436, 221, 16, 1),
(4437, 221, 17, 1),
(4438, 221, 18, 0),
(4439, 221, 19, 0),
(4440, 221, 20, 19),
(4441, 222, 1, 0),
(4442, 222, 2, 0),
(4443, 222, 3, 1),
(4444, 222, 4, 0),
(4445, 222, 5, 1),
(4446, 222, 6, 0),
(4447, 222, 7, 0),
(4448, 222, 8, 1),
(4449, 222, 9, 1),
(4450, 222, 10, 0),
(4451, 222, 11, 0),
(4452, 222, 12, 0),
(4453, 222, 13, 1),
(4454, 222, 14, 0),
(4455, 222, 15, 0),
(4456, 222, 16, 0),
(4457, 222, 17, 0),
(4458, 222, 18, 0),
(4459, 222, 19, 1),
(4460, 222, 20, 78),
(4461, 223, 1, 0),
(4462, 223, 2, 1),
(4463, 223, 3, 1),
(4464, 223, 4, 0),
(4465, 223, 5, 1),
(4466, 223, 6, 1),
(4467, 223, 7, 1),
(4468, 223, 8, 0),
(4469, 223, 9, 1),
(4470, 223, 10, 0),
(4471, 223, 11, 1),
(4472, 223, 12, 0),
(4473, 223, 13, 1),
(4474, 223, 14, 0),
(4475, 223, 15, 1),
(4476, 223, 16, 1),
(4477, 223, 17, 1),
(4478, 223, 18, 0),
(4479, 223, 19, 0),
(4480, 223, 20, 19),
(4481, 224, 1, 1),
(4482, 224, 2, 1),
(4483, 224, 3, 1),
(4484, 224, 4, 0),
(4485, 224, 5, 0),
(4486, 224, 6, 1),
(4487, 224, 7, 1),
(4488, 224, 8, 0),
(4489, 224, 9, 1),
(4490, 224, 10, 0),
(4491, 224, 11, 1),
(4492, 224, 12, 1),
(4493, 224, 13, 1),
(4494, 224, 14, 1),
(4495, 224, 15, 1),
(4496, 224, 16, 0),
(4497, 224, 17, 0),
(4498, 224, 18, 1),
(4499, 224, 19, 1),
(4500, 224, 20, 20),
(4501, 225, 1, 1),
(4502, 225, 2, 1),
(4503, 225, 3, 1),
(4504, 225, 4, 0),
(4505, 225, 5, 1),
(4506, 225, 6, 1),
(4507, 225, 7, 1),
(4508, 225, 8, 0),
(4509, 225, 9, 1),
(4510, 225, 10, 0),
(4511, 225, 11, 1),
(4512, 225, 12, 0),
(4513, 225, 13, 1),
(4514, 225, 14, 0),
(4515, 225, 15, 1),
(4516, 225, 16, 1),
(4517, 225, 17, 1),
(4518, 225, 18, 0),
(4519, 225, 19, 0),
(4520, 225, 20, 5),
(4521, 226, 1, 1),
(4522, 226, 2, 1),
(4523, 226, 3, 1),
(4524, 226, 4, 0),
(4525, 226, 5, 1),
(4526, 226, 6, 1),
(4527, 226, 7, 1),
(4528, 226, 8, 0),
(4529, 226, 9, 1),
(4530, 226, 10, 0),
(4531, 226, 11, 1),
(4532, 226, 12, 0),
(4533, 226, 13, 1),
(4534, 226, 14, 0),
(4535, 226, 15, 1),
(4536, 226, 16, 1),
(4537, 226, 17, 1),
(4538, 226, 18, 0),
(4539, 226, 19, 0),
(4540, 226, 20, 19),
(4541, 227, 1, 1),
(4542, 227, 2, 1),
(4543, 227, 3, 1),
(4544, 227, 4, 0),
(4545, 227, 5, 1),
(4546, 227, 6, 1),
(4547, 227, 7, 1),
(4548, 227, 8, 0),
(4549, 227, 9, 1),
(4550, 227, 10, 0),
(4551, 227, 11, 1),
(4552, 227, 12, 0),
(4553, 227, 13, 1),
(4554, 227, 14, 0),
(4555, 227, 15, 1),
(4556, 227, 16, 1),
(4557, 227, 17, 1),
(4558, 227, 18, 0),
(4559, 227, 19, 0),
(4560, 227, 20, 19),
(4561, 228, 1, 1),
(4562, 228, 2, 1),
(4563, 228, 3, 1),
(4564, 228, 4, 0),
(4565, 228, 5, 1),
(4566, 228, 6, 1),
(4567, 228, 7, 1),
(4568, 228, 8, 0),
(4569, 228, 9, 1),
(4570, 228, 10, 0),
(4571, 228, 11, 1),
(4572, 228, 12, 0),
(4573, 228, 13, 1),
(4574, 228, 14, 0),
(4575, 228, 15, 1),
(4576, 228, 16, 1),
(4577, 228, 17, 1),
(4578, 228, 18, 0),
(4579, 228, 19, 1),
(4580, 228, 20, 16),
(4581, 229, 1, 1),
(4582, 229, 2, 1),
(4583, 229, 3, 1),
(4584, 229, 4, 0),
(4585, 229, 5, 1),
(4586, 229, 6, 1),
(4587, 229, 7, 1),
(4588, 229, 8, 0),
(4589, 229, 9, 1),
(4590, 229, 10, 0),
(4591, 229, 11, 1),
(4592, 229, 12, 0),
(4593, 229, 13, 1),
(4594, 229, 14, 0),
(4595, 229, 15, 1),
(4596, 229, 16, 1),
(4597, 229, 17, 1),
(4598, 229, 18, 0),
(4599, 229, 19, 0),
(4600, 229, 20, 19),
(4601, 230, 1, 1),
(4602, 230, 2, 1),
(4603, 230, 3, 1),
(4604, 230, 4, 0),
(4605, 230, 5, 1),
(4606, 230, 6, 1),
(4607, 230, 7, 1),
(4608, 230, 8, 0),
(4609, 230, 9, 1),
(4610, 230, 10, 0),
(4611, 230, 11, 1),
(4612, 230, 12, 0),
(4613, 230, 13, 1),
(4614, 230, 14, 0),
(4615, 230, 15, 1),
(4616, 230, 16, 1),
(4617, 230, 17, 1),
(4618, 230, 18, 0),
(4619, 230, 19, 1),
(4620, 230, 20, 19),
(4621, 231, 1, 1),
(4622, 231, 2, 1),
(4623, 231, 3, 1),
(4624, 231, 4, 0),
(4625, 231, 5, 1),
(4626, 231, 6, 1),
(4627, 231, 7, 1),
(4628, 231, 8, 0),
(4629, 231, 9, 1),
(4630, 231, 10, 0),
(4631, 231, 11, 1),
(4632, 231, 12, 0),
(4633, 231, 13, 1),
(4634, 231, 14, 0),
(4635, 231, 15, 1),
(4636, 231, 16, 1),
(4637, 231, 17, 1),
(4638, 231, 18, 0),
(4639, 231, 19, 0),
(4640, 231, 20, 19),
(4641, 232, 1, 1),
(4642, 232, 2, 1),
(4643, 232, 3, 1),
(4644, 232, 4, 0),
(4645, 232, 5, 1),
(4646, 232, 6, 1),
(4647, 232, 7, 1),
(4648, 232, 8, 0),
(4649, 232, 9, 1),
(4650, 232, 10, 0),
(4651, 232, 11, 1),
(4652, 232, 12, 0),
(4653, 232, 13, 1),
(4654, 232, 14, 0),
(4655, 232, 15, 1),
(4656, 232, 16, 1),
(4657, 232, 17, 1),
(4658, 232, 18, 0),
(4659, 232, 19, 0),
(4660, 232, 20, 19),
(4661, 233, 1, 1),
(4662, 233, 2, 1),
(4663, 233, 3, 1),
(4664, 233, 4, 0),
(4665, 233, 5, 1),
(4666, 233, 6, 1),
(4667, 233, 7, 1),
(4668, 233, 8, 1),
(4669, 233, 9, 1),
(4670, 233, 10, 0),
(4671, 233, 11, 1),
(4672, 233, 12, 0),
(4673, 233, 13, 1),
(4674, 233, 14, 0),
(4675, 233, 15, 1),
(4676, 233, 16, 1),
(4677, 233, 17, 1),
(4678, 233, 18, 0),
(4679, 233, 19, 0),
(4680, 233, 20, 18),
(4681, 234, 1, 0),
(4682, 234, 2, 0),
(4683, 234, 3, 0),
(4684, 234, 4, 0),
(4685, 234, 5, 1),
(4686, 234, 6, 1),
(4687, 234, 7, 1),
(4688, 234, 8, 0),
(4689, 234, 9, 0),
(4690, 234, 10, 0),
(4691, 234, 11, 1),
(4692, 234, 12, 0),
(4693, 234, 13, 0),
(4694, 234, 14, 0),
(4695, 234, 15, 1),
(4696, 234, 16, 0),
(4697, 234, 17, 1),
(4698, 234, 18, 0),
(4699, 234, 19, 0),
(4700, 234, 20, 19),
(4701, 235, 1, 1),
(4702, 235, 2, 1),
(4703, 235, 3, 1),
(4704, 235, 4, 0),
(4705, 235, 5, 1),
(4706, 235, 6, 1),
(4707, 235, 7, 1),
(4708, 235, 8, 0),
(4709, 235, 9, 1),
(4710, 235, 10, 0),
(4711, 235, 11, 1),
(4712, 235, 12, 1),
(4713, 235, 13, 0),
(4714, 235, 14, 1),
(4715, 235, 15, 1),
(4716, 235, 16, 0),
(4717, 235, 17, 1),
(4718, 235, 18, 0),
(4719, 235, 19, 0),
(4720, 235, 20, 19),
(4721, 236, 1, 1),
(4722, 236, 2, 0),
(4723, 236, 3, 1),
(4724, 236, 4, 0),
(4725, 236, 5, 1),
(4726, 236, 6, 1),
(4727, 236, 7, 1),
(4728, 236, 8, 0),
(4729, 236, 9, 1),
(4730, 236, 10, 0),
(4731, 236, 11, 1),
(4732, 236, 12, 0),
(4733, 236, 13, 1),
(4734, 236, 14, 0),
(4735, 236, 15, 1),
(4736, 236, 16, 0),
(4737, 236, 17, 1),
(4738, 236, 18, 0),
(4739, 236, 19, 0),
(4740, 236, 20, 24),
(4741, 237, 1, 0),
(4742, 237, 2, 1),
(4743, 237, 3, 1),
(4744, 237, 4, 0),
(4745, 237, 5, 1),
(4746, 237, 6, 0),
(4747, 237, 7, 1),
(4748, 237, 8, 0),
(4749, 237, 9, 0),
(4750, 237, 10, 0),
(4751, 237, 11, 1),
(4752, 237, 12, 0),
(4753, 237, 13, 1),
(4754, 237, 14, 0),
(4755, 237, 15, 1),
(4756, 237, 16, 1),
(4757, 237, 17, 1),
(4758, 237, 18, 0),
(4759, 237, 19, 0),
(4760, 237, 20, 19),
(4761, 238, 1, 1),
(4762, 238, 2, 1),
(4763, 238, 3, 1),
(4764, 238, 4, 0),
(4765, 238, 5, 1),
(4766, 238, 6, 1),
(4767, 238, 7, 1),
(4768, 238, 8, 0),
(4769, 238, 9, 1),
(4770, 238, 10, 0),
(4771, 238, 11, 1),
(4772, 238, 12, 0),
(4773, 238, 13, 1),
(4774, 238, 14, 0),
(4775, 238, 15, 1),
(4776, 238, 16, 1),
(4777, 238, 17, 1),
(4778, 238, 18, 0),
(4779, 238, 19, 0),
(4780, 238, 20, 19),
(4781, 239, 1, 0),
(4782, 239, 2, 1),
(4783, 239, 3, 1),
(4784, 239, 4, 1),
(4785, 239, 5, 0),
(4786, 239, 6, 1),
(4787, 239, 7, 1),
(4788, 239, 8, 1),
(4789, 239, 9, 1),
(4790, 239, 10, 1),
(4791, 239, 11, 1),
(4792, 239, 12, 1),
(4793, 239, 13, 1),
(4794, 239, 14, 1),
(4795, 239, 15, 1),
(4796, 239, 16, 1),
(4797, 239, 17, 0),
(4798, 239, 18, 1),
(4799, 239, 19, 0),
(4800, 239, 20, 35),
(4801, 240, 1, 0),
(4802, 240, 2, 0),
(4803, 240, 3, 1),
(4804, 240, 4, 0),
(4805, 240, 5, 1),
(4806, 240, 6, 0),
(4807, 240, 7, 0),
(4808, 240, 8, 0),
(4809, 240, 9, 1),
(4810, 240, 10, 0),
(4811, 240, 11, 1),
(4812, 240, 12, 1),
(4813, 240, 13, 1),
(4814, 240, 14, 0),
(4815, 240, 15, 0),
(4816, 240, 16, 1),
(4817, 240, 17, 1),
(4818, 240, 18, 0),
(4819, 240, 19, 1),
(4820, 240, 20, 18),
(4821, 241, 1, 1),
(4822, 241, 2, 1),
(4823, 241, 3, 1),
(4824, 241, 4, 0),
(4825, 241, 5, 1),
(4826, 241, 6, 1),
(4827, 241, 7, 1),
(4828, 241, 8, 0),
(4829, 241, 9, 1),
(4830, 241, 10, 0),
(4831, 241, 11, 1),
(4832, 241, 12, 0),
(4833, 241, 13, 1),
(4834, 241, 14, 0),
(4835, 241, 15, 1),
(4836, 241, 16, 1),
(4837, 241, 17, 1),
(4838, 241, 18, 0),
(4839, 241, 19, 0),
(4840, 241, 20, 19),
(4841, 242, 1, 1),
(4842, 242, 2, 1),
(4843, 242, 3, 1),
(4844, 242, 4, 0),
(4845, 242, 5, 1),
(4846, 242, 6, 1),
(4847, 242, 7, 1),
(4848, 242, 8, 0),
(4849, 242, 9, 1),
(4850, 242, 10, 0),
(4851, 242, 11, 1),
(4852, 242, 12, 0),
(4853, 242, 13, 1),
(4854, 242, 14, 0),
(4855, 242, 15, 1),
(4856, 242, 16, 1),
(4857, 242, 17, 1),
(4858, 242, 18, 0),
(4859, 242, 19, 0),
(4860, 242, 20, 20),
(4861, 243, 1, 1),
(4862, 243, 2, 1),
(4863, 243, 3, 1),
(4864, 243, 4, 0),
(4865, 243, 5, 1),
(4866, 243, 6, 1),
(4867, 243, 7, 1),
(4868, 243, 8, 0),
(4869, 243, 9, 1),
(4870, 243, 10, 0),
(4871, 243, 11, 1),
(4872, 243, 12, 0),
(4873, 243, 13, 1),
(4874, 243, 14, 0),
(4875, 243, 15, 1),
(4876, 243, 16, 1),
(4877, 243, 17, 1),
(4878, 243, 18, 0),
(4879, 243, 19, 0),
(4880, 243, 20, 19),
(4881, 244, 1, 1),
(4882, 244, 2, 1),
(4883, 244, 3, 1),
(4884, 244, 4, 0),
(4885, 244, 5, 1),
(4886, 244, 6, 1),
(4887, 244, 7, 1),
(4888, 244, 8, 0),
(4889, 244, 9, 1),
(4890, 244, 10, 0),
(4891, 244, 11, 1),
(4892, 244, 12, 0),
(4893, 244, 13, 1),
(4894, 244, 14, 0),
(4895, 244, 15, 1),
(4896, 244, 16, 1),
(4897, 244, 17, 1),
(4898, 244, 18, 0),
(4899, 244, 19, 0),
(4900, 244, 20, 19),
(4901, 245, 1, 1),
(4902, 245, 2, 1),
(4903, 245, 3, 1),
(4904, 245, 4, 0),
(4905, 245, 5, 1),
(4906, 245, 6, 1),
(4907, 245, 7, 1),
(4908, 245, 8, 0),
(4909, 245, 9, 1),
(4910, 245, 10, 0),
(4911, 245, 11, 1),
(4912, 245, 12, 0),
(4913, 245, 13, 1),
(4914, 245, 14, 0),
(4915, 245, 15, 1),
(4916, 245, 16, 1),
(4917, 245, 17, 1),
(4918, 245, 18, 0),
(4919, 245, 19, 0),
(4920, 245, 20, 19),
(4921, 246, 1, 1),
(4922, 246, 2, 0),
(4923, 246, 3, 1),
(4924, 246, 4, 0),
(4925, 246, 5, 0),
(4926, 246, 6, 1),
(4927, 246, 7, 1),
(4928, 246, 8, 0),
(4929, 246, 9, 1),
(4930, 246, 10, 0),
(4931, 246, 11, 1),
(4932, 246, 12, 1),
(4933, 246, 13, 0),
(4934, 246, 14, 0),
(4935, 246, 15, 0),
(4936, 246, 16, 1),
(4937, 246, 17, 1),
(4938, 246, 18, 0),
(4939, 246, 19, 1),
(4940, 246, 20, 39),
(4941, 247, 1, 1),
(4942, 247, 2, 1),
(4943, 247, 3, 1),
(4944, 247, 4, 0),
(4945, 247, 5, 1),
(4946, 247, 6, 1),
(4947, 247, 7, 1),
(4948, 247, 8, 0),
(4949, 247, 9, 1),
(4950, 247, 10, 0),
(4951, 247, 11, 1),
(4952, 247, 12, 0),
(4953, 247, 13, 1),
(4954, 247, 14, 0),
(4955, 247, 15, 1),
(4956, 247, 16, 1),
(4957, 247, 17, 1),
(4958, 247, 18, 0),
(4959, 247, 19, 0),
(4960, 247, 20, 19),
(4961, 248, 1, 1),
(4962, 248, 2, 1),
(4963, 248, 3, 1),
(4964, 248, 4, 0),
(4965, 248, 5, 1),
(4966, 248, 6, 1),
(4967, 248, 7, 1),
(4968, 248, 8, 0),
(4969, 248, 9, 1),
(4970, 248, 10, 0),
(4971, 248, 11, 1),
(4972, 248, 12, 0),
(4973, 248, 13, 1),
(4974, 248, 14, 0),
(4975, 248, 15, 1),
(4976, 248, 16, 1),
(4977, 248, 17, 1),
(4978, 248, 18, 0),
(4979, 248, 19, 0),
(4980, 248, 20, 19),
(4981, 249, 1, 0),
(4982, 249, 2, 0),
(4983, 249, 3, 0),
(4984, 249, 4, 0),
(4985, 249, 5, 0),
(4986, 249, 6, 0),
(4987, 249, 7, 0),
(4988, 249, 8, 0),
(4989, 249, 9, 0),
(4990, 249, 10, 0),
(4991, 249, 11, 0),
(4992, 249, 12, 0),
(4993, 249, 13, 0),
(4994, 249, 14, 0),
(4995, 249, 15, 0),
(4996, 249, 16, 0),
(4997, 249, 17, 0),
(4998, 249, 18, 0),
(4999, 249, 19, 0),
(5000, 249, 20, 27),
(5001, 250, 1, 1),
(5002, 250, 2, 1),
(5003, 250, 3, 1),
(5004, 250, 4, 0),
(5005, 250, 5, 1),
(5006, 250, 6, 1),
(5007, 250, 7, 1),
(5008, 250, 8, 0),
(5009, 250, 9, 1),
(5010, 250, 10, 0),
(5011, 250, 11, 1),
(5012, 250, 12, 0),
(5013, 250, 13, 1),
(5014, 250, 14, 0),
(5015, 250, 15, 1),
(5016, 250, 16, 1),
(5017, 250, 17, 1),
(5018, 250, 18, 0),
(5019, 250, 19, 0),
(5020, 250, 20, 19),
(5021, 251, 1, 1),
(5022, 251, 2, 1),
(5023, 251, 3, 1),
(5024, 251, 4, 0),
(5025, 251, 5, 1),
(5026, 251, 6, 1),
(5027, 251, 7, 1),
(5028, 251, 8, 0),
(5029, 251, 9, 1),
(5030, 251, 10, 0),
(5031, 251, 11, 1),
(5032, 251, 12, 0),
(5033, 251, 13, 1),
(5034, 251, 14, 0),
(5035, 251, 15, 1),
(5036, 251, 16, 1),
(5037, 251, 17, 1),
(5038, 251, 18, 0),
(5039, 251, 19, 0),
(5040, 251, 20, 19),
(5041, 252, 1, 0),
(5042, 252, 2, 0),
(5043, 252, 3, 1),
(5044, 252, 4, 1),
(5045, 252, 5, 1),
(5046, 252, 6, 1),
(5047, 252, 7, 1),
(5048, 252, 8, 0),
(5049, 252, 9, 1),
(5050, 252, 10, 0),
(5051, 252, 11, 1),
(5052, 252, 12, 0),
(5053, 252, 13, 0),
(5054, 252, 14, 1),
(5055, 252, 15, 0),
(5056, 252, 16, 0),
(5057, 252, 17, 0),
(5058, 252, 18, 1),
(5059, 252, 19, 0),
(5060, 252, 20, 21),
(5061, 253, 1, 1),
(5062, 253, 2, 1),
(5063, 253, 3, 1),
(5064, 253, 4, 0),
(5065, 253, 5, 1),
(5066, 253, 6, 1),
(5067, 253, 7, 1),
(5068, 253, 8, 0),
(5069, 253, 9, 1),
(5070, 253, 10, 0),
(5071, 253, 11, 1),
(5072, 253, 12, 0),
(5073, 253, 13, 1),
(5074, 253, 14, 0),
(5075, 253, 15, 1),
(5076, 253, 16, 1),
(5077, 253, 17, 1),
(5078, 253, 18, 0),
(5079, 253, 19, 1),
(5080, 253, 20, 19),
(5081, 254, 1, 0),
(5082, 254, 2, 0),
(5083, 254, 3, 1),
(5084, 254, 4, 0),
(5085, 254, 5, 1),
(5086, 254, 6, 1),
(5087, 254, 7, 1),
(5088, 254, 8, 0),
(5089, 254, 9, 1),
(5090, 254, 10, 0),
(5091, 254, 11, 1),
(5092, 254, 12, 0),
(5093, 254, 13, 1),
(5094, 254, 14, 0),
(5095, 254, 15, 1),
(5096, 254, 16, 1),
(5097, 254, 17, 1),
(5098, 254, 18, 0),
(5099, 254, 19, 1),
(5100, 254, 20, 19),
(5101, 255, 1, 1),
(5102, 255, 2, 1),
(5103, 255, 3, 1),
(5104, 255, 4, 0),
(5105, 255, 5, 0),
(5106, 255, 6, 1),
(5107, 255, 7, 1),
(5108, 255, 8, 0),
(5109, 255, 9, 1),
(5110, 255, 10, 0),
(5111, 255, 11, 1),
(5112, 255, 12, 0),
(5113, 255, 13, 1),
(5114, 255, 14, 0),
(5115, 255, 15, 1),
(5116, 255, 16, 1),
(5117, 255, 17, 1),
(5118, 255, 18, 0),
(5119, 255, 19, 0),
(5120, 255, 20, 19),
(5121, 256, 1, 0),
(5122, 256, 2, 0),
(5123, 256, 3, 0),
(5124, 256, 4, 0),
(5125, 256, 5, 0),
(5126, 256, 6, 1),
(5127, 256, 7, 0),
(5128, 256, 8, 0),
(5129, 256, 9, 0),
(5130, 256, 10, 0),
(5131, 256, 11, 0),
(5132, 256, 12, 0),
(5133, 256, 13, 0),
(5134, 256, 14, 0),
(5135, 256, 15, 1),
(5136, 256, 16, 0),
(5137, 256, 17, 1),
(5138, 256, 18, 0),
(5139, 256, 19, 0),
(5140, 256, 20, 16),
(5141, 257, 1, 1),
(5142, 257, 2, 1),
(5143, 257, 3, 1),
(5144, 257, 4, 0),
(5145, 257, 5, 1),
(5146, 257, 6, 1),
(5147, 257, 7, 1),
(5148, 257, 8, 0),
(5149, 257, 9, 1),
(5150, 257, 10, 0),
(5151, 257, 11, 1),
(5152, 257, 12, 0),
(5153, 257, 13, 1),
(5154, 257, 14, 0),
(5155, 257, 15, 1),
(5156, 257, 16, 1),
(5157, 257, 17, 1),
(5158, 257, 18, 0),
(5159, 257, 19, 0),
(5160, 257, 20, 19),
(5161, 258, 1, 1),
(5162, 258, 2, 1),
(5163, 258, 3, 1),
(5164, 258, 4, 0),
(5165, 258, 5, 1),
(5166, 258, 6, 1),
(5167, 258, 7, 1),
(5168, 258, 8, 0),
(5169, 258, 9, 1),
(5170, 258, 10, 0),
(5171, 258, 11, 1),
(5172, 258, 12, 0),
(5173, 258, 13, 1),
(5174, 258, 14, 0),
(5175, 258, 15, 1),
(5176, 258, 16, 1),
(5177, 258, 17, 1),
(5178, 258, 18, 0),
(5179, 258, 19, 0),
(5180, 258, 20, 19),
(5181, 259, 1, 1),
(5182, 259, 2, 1),
(5183, 259, 3, 1),
(5184, 259, 4, 0),
(5185, 259, 5, 1),
(5186, 259, 6, 1),
(5187, 259, 7, 1),
(5188, 259, 8, 0),
(5189, 259, 9, 1),
(5190, 259, 10, 0),
(5191, 259, 11, 1),
(5192, 259, 12, 0),
(5193, 259, 13, 1),
(5194, 259, 14, 0),
(5195, 259, 15, 1),
(5196, 259, 16, 1),
(5197, 259, 17, 1),
(5198, 259, 18, 0),
(5199, 259, 19, 0),
(5200, 259, 20, 20),
(5201, 260, 1, 1),
(5202, 260, 2, 1),
(5203, 260, 3, 1),
(5204, 260, 4, 0),
(5205, 260, 5, 1),
(5206, 260, 6, 1),
(5207, 260, 7, 1),
(5208, 260, 8, 0),
(5209, 260, 9, 1),
(5210, 260, 10, 0),
(5211, 260, 11, 1),
(5212, 260, 12, 0),
(5213, 260, 13, 1),
(5214, 260, 14, 0),
(5215, 260, 15, 1),
(5216, 260, 16, 1),
(5217, 260, 17, 1),
(5218, 260, 18, 0),
(5219, 260, 19, 0),
(5220, 260, 20, 19),
(5221, 261, 1, 1),
(5222, 261, 2, 1),
(5223, 261, 3, 1),
(5224, 261, 4, 0),
(5225, 261, 5, 1),
(5226, 261, 6, 1),
(5227, 261, 7, 1),
(5228, 261, 8, 0),
(5229, 261, 9, 1),
(5230, 261, 10, 0),
(5231, 261, 11, 1),
(5232, 261, 12, 0),
(5233, 261, 13, 1),
(5234, 261, 14, 0),
(5235, 261, 15, 1),
(5236, 261, 16, 1),
(5237, 261, 17, 1),
(5238, 261, 18, 0),
(5239, 261, 19, 0),
(5240, 261, 20, 19),
(5241, 262, 1, 1),
(5242, 262, 2, 1),
(5243, 262, 3, 1),
(5244, 262, 4, 0),
(5245, 262, 5, 1),
(5246, 262, 6, 1),
(5247, 262, 7, 1),
(5248, 262, 8, 0),
(5249, 262, 9, 1),
(5250, 262, 10, 0),
(5251, 262, 11, 1),
(5252, 262, 12, 0),
(5253, 262, 13, 1),
(5254, 262, 14, 0),
(5255, 262, 15, 1),
(5256, 262, 16, 1),
(5257, 262, 17, 1),
(5258, 262, 18, 0),
(5259, 262, 19, 0),
(5260, 262, 20, 19),
(5261, 263, 1, 1),
(5262, 263, 2, 1),
(5263, 263, 3, 1),
(5264, 263, 4, 0),
(5265, 263, 5, 1),
(5266, 263, 6, 1),
(5267, 263, 7, 1),
(5268, 263, 8, 0),
(5269, 263, 9, 1),
(5270, 263, 10, 0),
(5271, 263, 11, 1),
(5272, 263, 12, 0),
(5273, 263, 13, 1),
(5274, 263, 14, 0),
(5275, 263, 15, 1),
(5276, 263, 16, 1),
(5277, 263, 17, 1),
(5278, 263, 18, 0),
(5279, 263, 19, 1),
(5280, 263, 20, 19),
(5281, 264, 1, 0),
(5282, 264, 2, 0),
(5283, 264, 3, 0),
(5284, 264, 4, 0),
(5285, 264, 5, 0),
(5286, 264, 6, 0),
(5287, 264, 7, 0),
(5288, 264, 8, 0),
(5289, 264, 9, 0),
(5290, 264, 10, 0),
(5291, 264, 11, 0),
(5292, 264, 12, 0),
(5293, 264, 13, 0),
(5294, 264, 14, 0),
(5295, 264, 15, 1),
(5296, 264, 16, 1),
(5297, 264, 17, 1),
(5298, 264, 18, 0),
(5299, 264, 19, 0),
(5300, 264, 20, 19),
(5301, 265, 1, 0),
(5302, 265, 2, 0),
(5303, 265, 3, 1),
(5304, 265, 4, 0),
(5305, 265, 5, 1),
(5306, 265, 6, 1),
(5307, 265, 7, 1),
(5308, 265, 8, 1),
(5309, 265, 9, 1),
(5310, 265, 10, 1),
(5311, 265, 11, 1),
(5312, 265, 12, 0),
(5313, 265, 13, 0),
(5314, 265, 14, 0),
(5315, 265, 15, 0),
(5316, 265, 16, 0),
(5317, 265, 17, 0),
(5318, 265, 18, 0),
(5319, 265, 19, 1),
(5320, 265, 20, 13),
(5321, 266, 1, 1),
(5322, 266, 2, 1),
(5323, 266, 3, 1),
(5324, 266, 4, 0),
(5325, 266, 5, 1),
(5326, 266, 6, 1),
(5327, 266, 7, 1),
(5328, 266, 8, 0),
(5329, 266, 9, 1),
(5330, 266, 10, 0),
(5331, 266, 11, 1),
(5332, 266, 12, 0),
(5333, 266, 13, 1),
(5334, 266, 14, 0),
(5335, 266, 15, 1),
(5336, 266, 16, 1),
(5337, 266, 17, 1),
(5338, 266, 18, 0),
(5339, 266, 19, 0),
(5340, 266, 20, 19),
(5341, 267, 1, 0),
(5342, 267, 2, 0),
(5343, 267, 3, 0),
(5344, 267, 4, 0),
(5345, 267, 5, 0),
(5346, 267, 6, 0),
(5347, 267, 7, 0),
(5348, 267, 8, 0),
(5349, 267, 9, 0),
(5350, 267, 10, 0),
(5351, 267, 11, 0),
(5352, 267, 12, 0),
(5353, 267, 13, 0),
(5354, 267, 14, 0),
(5355, 267, 15, 1),
(5356, 267, 16, 1),
(5357, 267, 17, 1),
(5358, 267, 18, 0),
(5359, 267, 19, 0),
(5360, 267, 20, 16),
(5361, 268, 1, 1),
(5362, 268, 2, 0),
(5363, 268, 3, 0),
(5364, 268, 4, 1),
(5365, 268, 5, 1),
(5366, 268, 6, 1),
(5367, 268, 7, 1),
(5368, 268, 8, 0),
(5369, 268, 9, 0),
(5370, 268, 10, 0),
(5371, 268, 11, 0),
(5372, 268, 12, 0),
(5373, 268, 13, 1),
(5374, 268, 14, 0),
(5375, 268, 15, 0),
(5376, 268, 16, 0),
(5377, 268, 17, 0),
(5378, 268, 18, 0),
(5379, 268, 19, 1),
(5380, 268, 20, 23),
(5381, 269, 1, 1),
(5382, 269, 2, 1),
(5383, 269, 3, 1),
(5384, 269, 4, 1),
(5385, 269, 5, 1),
(5386, 269, 6, 1),
(5387, 269, 7, 1),
(5388, 269, 8, 1),
(5389, 269, 9, 1),
(5390, 269, 10, 1),
(5391, 269, 11, 1),
(5392, 269, 12, 1),
(5393, 269, 13, 1),
(5394, 269, 14, 1),
(5395, 269, 15, 1),
(5396, 269, 16, 1),
(5397, 269, 17, 1),
(5398, 269, 18, 1),
(5399, 269, 19, 1),
(5400, 269, 20, 24),
(5401, 270, 1, 1),
(5402, 270, 2, 1),
(5403, 270, 3, 1),
(5404, 270, 4, 0),
(5405, 270, 5, 1),
(5406, 270, 6, 1),
(5407, 270, 7, 1),
(5408, 270, 8, 0),
(5409, 270, 9, 1),
(5410, 270, 10, 0),
(5411, 270, 11, 1),
(5412, 270, 12, 0),
(5413, 270, 13, 1),
(5414, 270, 14, 0),
(5415, 270, 15, 0),
(5416, 270, 16, 0),
(5417, 270, 17, 0),
(5418, 270, 18, 0),
(5419, 270, 19, 0),
(5420, 270, 20, 19),
(5421, 271, 1, 1),
(5422, 271, 2, 1),
(5423, 271, 3, 1),
(5424, 271, 4, 0),
(5425, 271, 5, 1),
(5426, 271, 6, 1),
(5427, 271, 7, 1),
(5428, 271, 8, 0),
(5429, 271, 9, 1),
(5430, 271, 10, 0),
(5431, 271, 11, 1),
(5432, 271, 12, 0),
(5433, 271, 13, 1),
(5434, 271, 14, 0),
(5435, 271, 15, 1),
(5436, 271, 16, 1),
(5437, 271, 17, 1),
(5438, 271, 18, 0),
(5439, 271, 19, 0),
(5440, 271, 20, 19),
(5441, 272, 1, 1),
(5442, 272, 2, 1),
(5443, 272, 3, 0),
(5444, 272, 4, 0),
(5445, 272, 5, 1),
(5446, 272, 6, 1),
(5447, 272, 7, 1),
(5448, 272, 8, 0),
(5449, 272, 9, 0),
(5450, 272, 10, 0),
(5451, 272, 11, 1),
(5452, 272, 12, 1),
(5453, 272, 13, 1),
(5454, 272, 14, 0),
(5455, 272, 15, 1),
(5456, 272, 16, 1),
(5457, 272, 17, 1),
(5458, 272, 18, 0),
(5459, 272, 19, 0),
(5460, 272, 20, 19),
(5461, 273, 1, 1),
(5462, 273, 2, 1),
(5463, 273, 3, 1),
(5464, 273, 4, 0),
(5465, 273, 5, 1),
(5466, 273, 6, 1),
(5467, 273, 7, 1),
(5468, 273, 8, 0),
(5469, 273, 9, 1),
(5470, 273, 10, 0),
(5471, 273, 11, 0),
(5472, 273, 12, 0),
(5473, 273, 13, 1),
(5474, 273, 14, 0),
(5475, 273, 15, 1),
(5476, 273, 16, 1),
(5477, 273, 17, 1),
(5478, 273, 18, 0),
(5479, 273, 19, 1),
(5480, 273, 20, 20),
(5481, 274, 1, 0),
(5482, 274, 2, 1),
(5483, 274, 3, 1),
(5484, 274, 4, 0),
(5485, 274, 5, 1),
(5486, 274, 6, 1),
(5487, 274, 7, 1),
(5488, 274, 8, 0),
(5489, 274, 9, 1),
(5490, 274, 10, 0),
(5491, 274, 11, 1),
(5492, 274, 12, 0),
(5493, 274, 13, 1),
(5494, 274, 14, 0),
(5495, 274, 15, 1),
(5496, 274, 16, 1),
(5497, 274, 17, 1),
(5498, 274, 18, 0),
(5499, 274, 19, 0),
(5500, 274, 20, 20),
(5501, 275, 1, 0),
(5502, 275, 2, 1),
(5503, 275, 3, 1),
(5504, 275, 4, 1),
(5505, 275, 5, 1),
(5506, 275, 6, 1),
(5507, 275, 7, 1),
(5508, 275, 8, 1),
(5509, 275, 9, 1),
(5510, 275, 10, 0),
(5511, 275, 11, 1),
(5512, 275, 12, 0),
(5513, 275, 13, 1),
(5514, 275, 14, 0),
(5515, 275, 15, 1),
(5516, 275, 16, 1),
(5517, 275, 17, 1),
(5518, 275, 18, 0),
(5519, 275, 19, 1),
(5520, 275, 20, 23),
(5521, 276, 1, 1),
(5522, 276, 2, 1),
(5523, 276, 3, 1),
(5524, 276, 4, 0),
(5525, 276, 5, 1),
(5526, 276, 6, 1),
(5527, 276, 7, 1),
(5528, 276, 8, 0),
(5529, 276, 9, 1),
(5530, 276, 10, 0),
(5531, 276, 11, 1),
(5532, 276, 12, 0),
(5533, 276, 13, 1),
(5534, 276, 14, 0),
(5535, 276, 15, 1),
(5536, 276, 16, 1),
(5537, 276, 17, 1),
(5538, 276, 18, 0),
(5539, 276, 19, 0),
(5540, 276, 20, 19),
(5541, 277, 1, 1),
(5542, 277, 2, 1),
(5543, 277, 3, 1),
(5544, 277, 4, 1),
(5545, 277, 5, 1),
(5546, 277, 6, 1),
(5547, 277, 7, 1),
(5548, 277, 8, 1),
(5549, 277, 9, 1),
(5550, 277, 10, 1),
(5551, 277, 11, 1),
(5552, 277, 12, 0),
(5553, 277, 13, 1),
(5554, 277, 14, 1),
(5555, 277, 15, 1),
(5556, 277, 16, 1),
(5557, 277, 17, 0),
(5558, 277, 18, 0),
(5559, 277, 19, 1),
(5560, 277, 20, 19),
(5561, 278, 1, 1),
(5562, 278, 2, 1),
(5563, 278, 3, 1),
(5564, 278, 4, 0),
(5565, 278, 5, 1),
(5566, 278, 6, 1),
(5567, 278, 7, 1),
(5568, 278, 8, 0),
(5569, 278, 9, 1),
(5570, 278, 10, 0),
(5571, 278, 11, 1),
(5572, 278, 12, 0),
(5573, 278, 13, 1),
(5574, 278, 14, 0),
(5575, 278, 15, 1),
(5576, 278, 16, 1),
(5577, 278, 17, 1),
(5578, 278, 18, 0),
(5579, 278, 19, 0),
(5580, 278, 20, 19),
(5581, 279, 1, 0),
(5582, 279, 2, 1),
(5583, 279, 3, 1),
(5584, 279, 4, 0),
(5585, 279, 5, 1),
(5586, 279, 6, 1),
(5587, 279, 7, 1),
(5588, 279, 8, 0),
(5589, 279, 9, 1),
(5590, 279, 10, 0),
(5591, 279, 11, 1),
(5592, 279, 12, 0),
(5593, 279, 13, 1),
(5594, 279, 14, 0),
(5595, 279, 15, 1),
(5596, 279, 16, 1),
(5597, 279, 17, 1),
(5598, 279, 18, 0),
(5599, 279, 19, 0),
(5600, 279, 20, 35),
(5601, 280, 1, 0),
(5602, 280, 2, 0),
(5603, 280, 3, 1),
(5604, 280, 4, 0),
(5605, 280, 5, 1),
(5606, 280, 6, 1),
(5607, 280, 7, 1),
(5608, 280, 8, 0),
(5609, 280, 9, 1),
(5610, 280, 10, 0),
(5611, 280, 11, 1),
(5612, 280, 12, 0),
(5613, 280, 13, 1),
(5614, 280, 14, 0),
(5615, 280, 15, 1),
(5616, 280, 16, 1),
(5617, 280, 17, 1),
(5618, 280, 18, 0),
(5619, 280, 19, 0),
(5620, 280, 20, 20),
(5621, 281, 1, 1),
(5622, 281, 2, 1),
(5623, 281, 3, 1),
(5624, 281, 4, 0),
(5625, 281, 5, 1),
(5626, 281, 6, 1),
(5627, 281, 7, 1),
(5628, 281, 8, 0),
(5629, 281, 9, 1),
(5630, 281, 10, 0),
(5631, 281, 11, 1),
(5632, 281, 12, 0),
(5633, 281, 13, 1),
(5634, 281, 14, 0),
(5635, 281, 15, 1),
(5636, 281, 16, 1),
(5637, 281, 17, 1),
(5638, 281, 18, 0),
(5639, 281, 19, 0),
(5640, 281, 20, 19),
(5641, 282, 1, 1),
(5642, 282, 2, 0),
(5643, 282, 3, 1),
(5644, 282, 4, 0),
(5645, 282, 5, 1),
(5646, 282, 6, 1),
(5647, 282, 7, 1),
(5648, 282, 8, 0),
(5649, 282, 9, 1),
(5650, 282, 10, 0),
(5651, 282, 11, 1),
(5652, 282, 12, 1),
(5653, 282, 13, 1),
(5654, 282, 14, 1),
(5655, 282, 15, 1),
(5656, 282, 16, 1),
(5657, 282, 17, 0),
(5658, 282, 18, 1),
(5659, 282, 19, 0),
(5660, 282, 20, 15),
(5661, 283, 1, 1),
(5662, 283, 2, 1),
(5663, 283, 3, 1),
(5664, 283, 4, 0),
(5665, 283, 5, 1),
(5666, 283, 6, 1),
(5667, 283, 7, 1),
(5668, 283, 8, 1),
(5669, 283, 9, 0),
(5670, 283, 10, 0),
(5671, 283, 11, 0),
(5672, 283, 12, 0),
(5673, 283, 13, 1),
(5674, 283, 14, 1),
(5675, 283, 15, 1),
(5676, 283, 16, 1),
(5677, 283, 17, 1),
(5678, 283, 18, 0),
(5679, 283, 19, 1),
(5680, 283, 20, 25),
(5681, 284, 1, 0),
(5682, 284, 2, 1),
(5683, 284, 3, 1),
(5684, 284, 4, 0),
(5685, 284, 5, 1),
(5686, 284, 6, 1),
(5687, 284, 7, 1),
(5688, 284, 8, 0),
(5689, 284, 9, 1),
(5690, 284, 10, 0),
(5691, 284, 11, 1),
(5692, 284, 12, 1),
(5693, 284, 13, 1),
(5694, 284, 14, 1),
(5695, 284, 15, 1),
(5696, 284, 16, 1),
(5697, 284, 17, 1),
(5698, 284, 18, 0),
(5699, 284, 19, 0),
(5700, 284, 20, 25),
(5701, 285, 1, 0),
(5702, 285, 2, 1),
(5703, 285, 3, 0),
(5704, 285, 4, 0),
(5705, 285, 5, 1),
(5706, 285, 6, 1),
(5707, 285, 7, 1),
(5708, 285, 8, 0),
(5709, 285, 9, 1),
(5710, 285, 10, 0),
(5711, 285, 11, 1),
(5712, 285, 12, 0),
(5713, 285, 13, 1),
(5714, 285, 14, 0),
(5715, 285, 15, 1),
(5716, 285, 16, 1),
(5717, 285, 17, 1),
(5718, 285, 18, 0),
(5719, 285, 19, 0),
(5720, 285, 20, 22),
(5721, 286, 1, 1),
(5722, 286, 2, 1),
(5723, 286, 3, 1),
(5724, 286, 4, 0),
(5725, 286, 5, 1),
(5726, 286, 6, 1),
(5727, 286, 7, 1),
(5728, 286, 8, 0),
(5729, 286, 9, 1),
(5730, 286, 10, 0),
(5731, 286, 11, 1),
(5732, 286, 12, 0),
(5733, 286, 13, 1),
(5734, 286, 14, 0),
(5735, 286, 15, 1),
(5736, 286, 16, 1),
(5737, 286, 17, 1),
(5738, 286, 18, 0),
(5739, 286, 19, 0),
(5740, 286, 20, 22),
(5741, 287, 1, 1),
(5742, 287, 2, 1),
(5743, 287, 3, 1),
(5744, 287, 4, 0),
(5745, 287, 5, 1),
(5746, 287, 6, 1),
(5747, 287, 7, 1),
(5748, 287, 8, 0),
(5749, 287, 9, 1),
(5750, 287, 10, 0),
(5751, 287, 11, 1),
(5752, 287, 12, 0),
(5753, 287, 13, 1),
(5754, 287, 14, 0),
(5755, 287, 15, 1),
(5756, 287, 16, 1),
(5757, 287, 17, 1),
(5758, 287, 18, 0),
(5759, 287, 19, 0),
(5760, 287, 20, 19),
(5761, 288, 1, 0),
(5762, 288, 2, 0),
(5763, 288, 3, 1),
(5764, 288, 4, 0),
(5765, 288, 5, 1),
(5766, 288, 6, 1),
(5767, 288, 7, 1),
(5768, 288, 8, 0),
(5769, 288, 9, 1),
(5770, 288, 10, 0),
(5771, 288, 11, 1),
(5772, 288, 12, 0),
(5773, 288, 13, 1),
(5774, 288, 14, 0),
(5775, 288, 15, 1),
(5776, 288, 16, 1),
(5777, 288, 17, 1),
(5778, 288, 18, 0),
(5779, 288, 19, 0),
(5780, 288, 20, 19),
(5781, 289, 1, 1),
(5782, 289, 2, 1),
(5783, 289, 3, 1),
(5784, 289, 4, 0),
(5785, 289, 5, 1),
(5786, 289, 6, 1),
(5787, 289, 7, 1),
(5788, 289, 8, 0),
(5789, 289, 9, 1),
(5790, 289, 10, 0),
(5791, 289, 11, 1),
(5792, 289, 12, 0),
(5793, 289, 13, 1),
(5794, 289, 14, 0),
(5795, 289, 15, 1),
(5796, 289, 16, 1),
(5797, 289, 17, 1),
(5798, 289, 18, 0),
(5799, 289, 19, 0),
(5800, 289, 20, 18),
(5801, 290, 1, 0),
(5802, 290, 2, 1),
(5803, 290, 3, 1),
(5804, 290, 4, 0),
(5805, 290, 5, 0),
(5806, 290, 6, 1),
(5807, 290, 7, 1),
(5808, 290, 8, 0),
(5809, 290, 9, 1),
(5810, 290, 10, 0),
(5811, 290, 11, 1),
(5812, 290, 12, 0),
(5813, 290, 13, 1),
(5814, 290, 14, 0),
(5815, 290, 15, 1),
(5816, 290, 16, 1),
(5817, 290, 17, 1),
(5818, 290, 18, 0),
(5819, 290, 19, 0),
(5820, 290, 20, 19),
(5821, 291, 1, 0),
(5822, 291, 2, 1),
(5823, 291, 3, 1),
(5824, 291, 4, 0),
(5825, 291, 5, 1),
(5826, 291, 6, 1),
(5827, 291, 7, 0),
(5828, 291, 8, 0),
(5829, 291, 9, 1),
(5830, 291, 10, 0),
(5831, 291, 11, 1),
(5832, 291, 12, 0),
(5833, 291, 13, 1),
(5834, 291, 14, 0),
(5835, 291, 15, 1),
(5836, 291, 16, 1),
(5837, 291, 17, 1),
(5838, 291, 18, 0),
(5839, 291, 19, 0),
(5840, 291, 20, 21),
(5841, 292, 1, 1),
(5842, 292, 2, 1),
(5843, 292, 3, 1),
(5844, 292, 4, 0),
(5845, 292, 5, 1),
(5846, 292, 6, 1),
(5847, 292, 7, 1),
(5848, 292, 8, 0),
(5849, 292, 9, 1),
(5850, 292, 10, 0),
(5851, 292, 11, 1),
(5852, 292, 12, 0),
(5853, 292, 13, 1),
(5854, 292, 14, 0),
(5855, 292, 15, 1),
(5856, 292, 16, 1),
(5857, 292, 17, 1),
(5858, 292, 18, 0),
(5859, 292, 19, 0);
INSERT INTO `final_home_items` (`line_id`, `home_id`, `setting_id`, `value`) VALUES
(5860, 292, 20, 19),
(5861, 293, 1, 1),
(5862, 293, 2, 0),
(5863, 293, 3, 1),
(5864, 293, 4, 1),
(5865, 293, 5, 1),
(5866, 293, 6, 0),
(5867, 293, 7, 1),
(5868, 293, 8, 0),
(5869, 293, 9, 1),
(5870, 293, 10, 0),
(5871, 293, 11, 1),
(5872, 293, 12, 0),
(5873, 293, 13, 1),
(5874, 293, 14, 1),
(5875, 293, 15, 1),
(5876, 293, 16, 1),
(5877, 293, 17, 1),
(5878, 293, 18, 1),
(5879, 293, 19, 1),
(5880, 293, 20, 23),
(5881, 294, 1, 1),
(5882, 294, 2, 1),
(5883, 294, 3, 1),
(5884, 294, 4, 1),
(5885, 294, 5, 1),
(5886, 294, 6, 1),
(5887, 294, 7, 0),
(5888, 294, 8, 1),
(5889, 294, 9, 1),
(5890, 294, 10, 1),
(5891, 294, 11, 1),
(5892, 294, 12, 1),
(5893, 294, 13, 1),
(5894, 294, 14, 1),
(5895, 294, 15, 1),
(5896, 294, 16, 1),
(5897, 294, 17, 1),
(5898, 294, 18, 1),
(5899, 294, 19, 1),
(5900, 294, 20, 19),
(5901, 295, 1, 0),
(5902, 295, 2, 0),
(5903, 295, 3, 0),
(5904, 295, 4, 0),
(5905, 295, 5, 0),
(5906, 295, 6, 1),
(5907, 295, 7, 1),
(5908, 295, 8, 1),
(5909, 295, 9, 0),
(5910, 295, 10, 0),
(5911, 295, 11, 0),
(5912, 295, 12, 0),
(5913, 295, 13, 0),
(5914, 295, 14, 0),
(5915, 295, 15, 0),
(5916, 295, 16, 0),
(5917, 295, 17, 0),
(5918, 295, 18, 0),
(5919, 295, 19, 0),
(5920, 295, 20, 30),
(5921, 296, 1, 1),
(5922, 296, 2, 1),
(5923, 296, 3, 1),
(5924, 296, 4, 0),
(5925, 296, 5, 1),
(5926, 296, 6, 1),
(5927, 296, 7, 1),
(5928, 296, 8, 0),
(5929, 296, 9, 1),
(5930, 296, 10, 0),
(5931, 296, 11, 1),
(5932, 296, 12, 0),
(5933, 296, 13, 1),
(5934, 296, 14, 0),
(5935, 296, 15, 1),
(5936, 296, 16, 1),
(5937, 296, 17, 1),
(5938, 296, 18, 0),
(5939, 296, 19, 0),
(5940, 296, 20, 19),
(5941, 297, 1, 1),
(5942, 297, 2, 1),
(5943, 297, 3, 1),
(5944, 297, 4, 1),
(5945, 297, 5, 1),
(5946, 297, 6, 1),
(5947, 297, 7, 1),
(5948, 297, 8, 0),
(5949, 297, 9, 1),
(5950, 297, 10, 0),
(5951, 297, 11, 1),
(5952, 297, 12, 0),
(5953, 297, 13, 1),
(5954, 297, 14, 0),
(5955, 297, 15, 1),
(5956, 297, 16, 1),
(5957, 297, 17, 1),
(5958, 297, 18, 0),
(5959, 297, 19, 1),
(5960, 297, 20, 19),
(5961, 298, 1, 1),
(5962, 298, 2, 1),
(5963, 298, 3, 1),
(5964, 298, 4, 0),
(5965, 298, 5, 1),
(5966, 298, 6, 1),
(5967, 298, 7, 1),
(5968, 298, 8, 0),
(5969, 298, 9, 1),
(5970, 298, 10, 0),
(5971, 298, 11, 1),
(5972, 298, 12, 0),
(5973, 298, 13, 1),
(5974, 298, 14, 0),
(5975, 298, 15, 1),
(5976, 298, 16, 1),
(5977, 298, 17, 1),
(5978, 298, 18, 0),
(5979, 298, 19, 0),
(5980, 298, 20, 19),
(5981, 299, 1, 1),
(5982, 299, 2, 1),
(5983, 299, 3, 1),
(5984, 299, 4, 1),
(5985, 299, 5, 1),
(5986, 299, 6, 1),
(5987, 299, 7, 1),
(5988, 299, 8, 1),
(5989, 299, 9, 1),
(5990, 299, 10, 1),
(5991, 299, 11, 1),
(5992, 299, 12, 1),
(5993, 299, 13, 1),
(5994, 299, 14, 1),
(5995, 299, 15, 1),
(5996, 299, 16, 1),
(5997, 299, 17, 1),
(5998, 299, 18, 1),
(5999, 299, 19, 1),
(6000, 299, 20, 19),
(6001, 300, 1, 1),
(6002, 300, 2, 1),
(6003, 300, 3, 1),
(6004, 300, 4, 0),
(6005, 300, 5, 1),
(6006, 300, 6, 1),
(6007, 300, 7, 1),
(6008, 300, 8, 0),
(6009, 300, 9, 1),
(6010, 300, 10, 0),
(6011, 300, 11, 1),
(6012, 300, 12, 0),
(6013, 300, 13, 1),
(6014, 300, 14, 0),
(6015, 300, 15, 1),
(6016, 300, 16, 1),
(6017, 300, 17, 1),
(6018, 300, 18, 0),
(6019, 300, 19, 0),
(6020, 300, 20, 19),
(6021, 301, 1, 1),
(6022, 301, 2, 0),
(6023, 301, 3, 0),
(6024, 301, 4, 0),
(6025, 301, 5, 0),
(6026, 301, 6, 0),
(6027, 301, 7, 1),
(6028, 301, 8, 0),
(6029, 301, 9, 1),
(6030, 301, 10, 0),
(6031, 301, 11, 1),
(6032, 301, 12, 0),
(6033, 301, 13, 1),
(6034, 301, 14, 0),
(6035, 301, 15, 0),
(6036, 301, 16, 0),
(6037, 301, 17, 1),
(6038, 301, 18, 0),
(6039, 301, 19, 0),
(6040, 301, 20, 19),
(6041, 302, 1, 1),
(6042, 302, 2, 1),
(6043, 302, 3, 0),
(6044, 302, 4, 0),
(6045, 302, 5, 1),
(6046, 302, 6, 1),
(6047, 302, 7, 1),
(6048, 302, 8, 0),
(6049, 302, 9, 1),
(6050, 302, 10, 0),
(6051, 302, 11, 0),
(6052, 302, 12, 0),
(6053, 302, 13, 1),
(6054, 302, 14, 1),
(6055, 302, 15, 1),
(6056, 302, 16, 1),
(6057, 302, 17, 1),
(6058, 302, 18, 0),
(6059, 302, 19, 1),
(6060, 302, 20, 19),
(6061, 303, 1, 1),
(6062, 303, 2, 1),
(6063, 303, 3, 1),
(6064, 303, 4, 0),
(6065, 303, 5, 1),
(6066, 303, 6, 1),
(6067, 303, 7, 1),
(6068, 303, 8, 0),
(6069, 303, 9, 1),
(6070, 303, 10, 0),
(6071, 303, 11, 1),
(6072, 303, 12, 0),
(6073, 303, 13, 1),
(6074, 303, 14, 0),
(6075, 303, 15, 1),
(6076, 303, 16, 1),
(6077, 303, 17, 1),
(6078, 303, 18, 0),
(6079, 303, 19, 0),
(6080, 303, 20, 19),
(6081, 304, 1, 1),
(6082, 304, 2, 1),
(6083, 304, 3, 1),
(6084, 304, 4, 0),
(6085, 304, 5, 1),
(6086, 304, 6, 1),
(6087, 304, 7, 1),
(6088, 304, 8, 0),
(6089, 304, 9, 1),
(6090, 304, 10, 0),
(6091, 304, 11, 1),
(6092, 304, 12, 0),
(6093, 304, 13, 1),
(6094, 304, 14, 0),
(6095, 304, 15, 1),
(6096, 304, 16, 1),
(6097, 304, 17, 1),
(6098, 304, 18, 0),
(6099, 304, 19, 0),
(6100, 304, 20, 19),
(6101, 305, 1, 1),
(6102, 305, 2, 1),
(6103, 305, 3, 1),
(6104, 305, 4, 0),
(6105, 305, 5, 1),
(6106, 305, 6, 1),
(6107, 305, 7, 1),
(6108, 305, 8, 0),
(6109, 305, 9, 1),
(6110, 305, 10, 0),
(6111, 305, 11, 1),
(6112, 305, 12, 0),
(6113, 305, 13, 1),
(6114, 305, 14, 0),
(6115, 305, 15, 1),
(6116, 305, 16, 1),
(6117, 305, 17, 1),
(6118, 305, 18, 0),
(6119, 305, 19, 0),
(6120, 305, 20, 19),
(6121, 306, 1, 0),
(6122, 306, 2, 1),
(6123, 306, 3, 1),
(6124, 306, 4, 0),
(6125, 306, 5, 0),
(6126, 306, 6, 1),
(6127, 306, 7, 1),
(6128, 306, 8, 0),
(6129, 306, 9, 1),
(6130, 306, 10, 0),
(6131, 306, 11, 1),
(6132, 306, 12, 0),
(6133, 306, 13, 1),
(6134, 306, 14, 0),
(6135, 306, 15, 1),
(6136, 306, 16, 1),
(6137, 306, 17, 1),
(6138, 306, 18, 0),
(6139, 306, 19, 0),
(6140, 306, 20, 22),
(6141, 307, 1, 0),
(6142, 307, 2, 1),
(6143, 307, 3, 0),
(6144, 307, 4, 0),
(6145, 307, 5, 1),
(6146, 307, 6, 1),
(6147, 307, 7, 1),
(6148, 307, 8, 0),
(6149, 307, 9, 1),
(6150, 307, 10, 0),
(6151, 307, 11, 1),
(6152, 307, 12, 0),
(6153, 307, 13, 1),
(6154, 307, 14, 0),
(6155, 307, 15, 1),
(6156, 307, 16, 1),
(6157, 307, 17, 1),
(6158, 307, 18, 0),
(6159, 307, 19, 0),
(6160, 307, 20, 29),
(6161, 308, 1, 0),
(6162, 308, 2, 0),
(6163, 308, 3, 1),
(6164, 308, 4, 0),
(6165, 308, 5, 1),
(6166, 308, 6, 1),
(6167, 308, 7, 1),
(6168, 308, 8, 0),
(6169, 308, 9, 1),
(6170, 308, 10, 0),
(6171, 308, 11, 1),
(6172, 308, 12, 0),
(6173, 308, 13, 1),
(6174, 308, 14, 0),
(6175, 308, 15, 1),
(6176, 308, 16, 1),
(6177, 308, 17, 1),
(6178, 308, 18, 0),
(6179, 308, 19, 0),
(6180, 308, 20, 21),
(6181, 309, 1, 1),
(6182, 309, 2, 0),
(6183, 309, 3, 1),
(6184, 309, 4, 0),
(6185, 309, 5, 1),
(6186, 309, 6, 0),
(6187, 309, 7, 1),
(6188, 309, 8, 0),
(6189, 309, 9, 1),
(6190, 309, 10, 0),
(6191, 309, 11, 0),
(6192, 309, 12, 0),
(6193, 309, 13, 1),
(6194, 309, 14, 0),
(6195, 309, 15, 1),
(6196, 309, 16, 1),
(6197, 309, 17, 1),
(6198, 309, 18, 0),
(6199, 309, 19, 1),
(6200, 309, 20, 21),
(6201, 310, 1, 1),
(6202, 310, 2, 1),
(6203, 310, 3, 1),
(6204, 310, 4, 0),
(6205, 310, 5, 1),
(6206, 310, 6, 1),
(6207, 310, 7, 1),
(6208, 310, 8, 1),
(6209, 310, 9, 1),
(6210, 310, 10, 1),
(6211, 310, 11, 1),
(6212, 310, 12, 1),
(6213, 310, 13, 1),
(6214, 310, 14, 1),
(6215, 310, 15, 1),
(6216, 310, 16, 0),
(6217, 310, 17, 0),
(6218, 310, 18, 0),
(6219, 310, 19, 0),
(6220, 310, 20, 18),
(6221, 311, 1, 1),
(6222, 311, 2, 0),
(6223, 311, 3, 0),
(6224, 311, 4, 0),
(6225, 311, 5, 1),
(6226, 311, 6, 1),
(6227, 311, 7, 1),
(6228, 311, 8, 0),
(6229, 311, 9, 1),
(6230, 311, 10, 0),
(6231, 311, 11, 1),
(6232, 311, 12, 0),
(6233, 311, 13, 1),
(6234, 311, 14, 0),
(6235, 311, 15, 1),
(6236, 311, 16, 0),
(6237, 311, 17, 1),
(6238, 311, 18, 0),
(6239, 311, 19, 1),
(6240, 311, 20, 30),
(6241, 312, 1, 1),
(6242, 312, 2, 1),
(6243, 312, 3, 1),
(6244, 312, 4, 1),
(6245, 312, 5, 0),
(6246, 312, 6, 1),
(6247, 312, 7, 0),
(6248, 312, 8, 0),
(6249, 312, 9, 0),
(6250, 312, 10, 0),
(6251, 312, 11, 0),
(6252, 312, 12, 0),
(6253, 312, 13, 0),
(6254, 312, 14, 0),
(6255, 312, 15, 0),
(6256, 312, 16, 0),
(6257, 312, 17, 0),
(6258, 312, 18, 0),
(6259, 312, 19, 0),
(6260, 312, 20, 32),
(6261, 313, 1, 1),
(6262, 313, 2, 0),
(6263, 313, 3, 0),
(6264, 313, 4, 0),
(6265, 313, 5, 1),
(6266, 313, 6, 1),
(6267, 313, 7, 1),
(6268, 313, 8, 1),
(6269, 313, 9, 1),
(6270, 313, 10, 1),
(6271, 313, 11, 1),
(6272, 313, 12, 1),
(6273, 313, 13, 1),
(6274, 313, 14, 0),
(6275, 313, 15, 1),
(6276, 313, 16, 1),
(6277, 313, 17, 1),
(6278, 313, 18, 0),
(6279, 313, 19, 1),
(6280, 313, 20, 35),
(6281, 314, 1, 1),
(6282, 314, 2, 1),
(6283, 314, 3, 1),
(6284, 314, 4, 0),
(6285, 314, 5, 1),
(6286, 314, 6, 1),
(6287, 314, 7, 1),
(6288, 314, 8, 0),
(6289, 314, 9, 1),
(6290, 314, 10, 0),
(6291, 314, 11, 1),
(6292, 314, 12, 0),
(6293, 314, 13, 1),
(6294, 314, 14, 0),
(6295, 314, 15, 1),
(6296, 314, 16, 1),
(6297, 314, 17, 1),
(6298, 314, 18, 0),
(6299, 314, 19, 0),
(6300, 314, 20, 20),
(6301, 315, 1, 0),
(6302, 315, 2, 1),
(6303, 315, 3, 0),
(6304, 315, 4, 1),
(6305, 315, 5, 1),
(6306, 315, 6, 1),
(6307, 315, 7, 1),
(6308, 315, 8, 1),
(6309, 315, 9, 1),
(6310, 315, 10, 1),
(6311, 315, 11, 0),
(6312, 315, 12, 1),
(6313, 315, 13, 0),
(6314, 315, 14, 0),
(6315, 315, 15, 0),
(6316, 315, 16, 0),
(6317, 315, 17, 0),
(6318, 315, 18, 0),
(6319, 315, 19, 1),
(6320, 315, 20, 22),
(6321, 316, 1, 0),
(6322, 316, 2, 0),
(6323, 316, 3, 0),
(6324, 316, 4, 1),
(6325, 316, 5, 1),
(6326, 316, 6, 0),
(6327, 316, 7, 0),
(6328, 316, 8, 0),
(6329, 316, 9, 1),
(6330, 316, 10, 0),
(6331, 316, 11, 1),
(6332, 316, 12, 0),
(6333, 316, 13, 1),
(6334, 316, 14, 0),
(6335, 316, 15, 1),
(6336, 316, 16, 1),
(6337, 316, 17, 1),
(6338, 316, 18, 0),
(6339, 316, 19, 0),
(6340, 316, 20, 20),
(6341, 317, 1, 1),
(6342, 317, 2, 1),
(6343, 317, 3, 1),
(6344, 317, 4, 0),
(6345, 317, 5, 1),
(6346, 317, 6, 1),
(6347, 317, 7, 1),
(6348, 317, 8, 0),
(6349, 317, 9, 1),
(6350, 317, 10, 0),
(6351, 317, 11, 1),
(6352, 317, 12, 0),
(6353, 317, 13, 1),
(6354, 317, 14, 0),
(6355, 317, 15, 1),
(6356, 317, 16, 1),
(6357, 317, 17, 1),
(6358, 317, 18, 0),
(6359, 317, 19, 0),
(6360, 317, 20, 19),
(6361, 318, 1, 0),
(6362, 318, 2, 0),
(6363, 318, 3, 0),
(6364, 318, 4, 0),
(6365, 318, 5, 0),
(6366, 318, 6, 0),
(6367, 318, 7, 0),
(6368, 318, 8, 1),
(6369, 318, 9, 1),
(6370, 318, 10, 1),
(6371, 318, 11, 1),
(6372, 318, 12, 0),
(6373, 318, 13, 0),
(6374, 318, 14, 0),
(6375, 318, 15, 0),
(6376, 318, 16, 0),
(6377, 318, 17, 1),
(6378, 318, 18, 0),
(6379, 318, 19, 0),
(6380, 318, 20, 19),
(6381, 319, 1, 1),
(6382, 319, 2, 1),
(6383, 319, 3, 1),
(6384, 319, 4, 1),
(6385, 319, 5, 1),
(6386, 319, 6, 1),
(6387, 319, 7, 1),
(6388, 319, 8, 0),
(6389, 319, 9, 1),
(6390, 319, 10, 0),
(6391, 319, 11, 1),
(6392, 319, 12, 0),
(6393, 319, 13, 1),
(6394, 319, 14, 0),
(6395, 319, 15, 1),
(6396, 319, 16, 1),
(6397, 319, 17, 1),
(6398, 319, 18, 0),
(6399, 319, 19, 0),
(6400, 319, 20, 0),
(6401, 320, 1, 0),
(6402, 320, 2, 1),
(6403, 320, 3, 1),
(6404, 320, 4, 1),
(6405, 320, 5, 1),
(6406, 320, 6, 1),
(6407, 320, 7, 0),
(6408, 320, 8, 0),
(6409, 320, 9, 1),
(6410, 320, 10, 1),
(6411, 320, 11, 1),
(6412, 320, 12, 0),
(6413, 320, 13, 0),
(6414, 320, 14, 0),
(6415, 320, 15, 0),
(6416, 320, 16, 0),
(6417, 320, 17, 1),
(6418, 320, 18, 0),
(6419, 320, 19, 1),
(6420, 320, 20, 19),
(6421, 321, 1, 1),
(6422, 321, 2, 1),
(6423, 321, 3, 1),
(6424, 321, 4, 0),
(6425, 321, 5, 1),
(6426, 321, 6, 1),
(6427, 321, 7, 1),
(6428, 321, 8, 0),
(6429, 321, 9, 1),
(6430, 321, 10, 0),
(6431, 321, 11, 1),
(6432, 321, 12, 0),
(6433, 321, 13, 1),
(6434, 321, 14, 0),
(6435, 321, 15, 1),
(6436, 321, 16, 1),
(6437, 321, 17, 1),
(6438, 321, 18, 0),
(6439, 321, 19, 0),
(6440, 321, 20, 19),
(6441, 322, 1, 1),
(6442, 322, 2, 1),
(6443, 322, 3, 1),
(6444, 322, 4, 0),
(6445, 322, 5, 1),
(6446, 322, 6, 1),
(6447, 322, 7, 1),
(6448, 322, 8, 0),
(6449, 322, 9, 1),
(6450, 322, 10, 0),
(6451, 322, 11, 1),
(6452, 322, 12, 0),
(6453, 322, 13, 1),
(6454, 322, 14, 0),
(6455, 322, 15, 1),
(6456, 322, 16, 1),
(6457, 322, 17, 1),
(6458, 322, 18, 0),
(6459, 322, 19, 0),
(6460, 322, 20, 19),
(6461, 323, 1, 1),
(6462, 323, 2, 1),
(6463, 323, 3, 1),
(6464, 323, 4, 0),
(6465, 323, 5, 1),
(6466, 323, 6, 1),
(6467, 323, 7, 1),
(6468, 323, 8, 0),
(6469, 323, 9, 1),
(6470, 323, 10, 0),
(6471, 323, 11, 1),
(6472, 323, 12, 0),
(6473, 323, 13, 1),
(6474, 323, 14, 0),
(6475, 323, 15, 1),
(6476, 323, 16, 1),
(6477, 323, 17, 1),
(6478, 323, 18, 0),
(6479, 323, 19, 0),
(6480, 323, 20, 19),
(6481, 324, 1, 1),
(6482, 324, 2, 1),
(6483, 324, 3, 1),
(6484, 324, 4, 0),
(6485, 324, 5, 1),
(6486, 324, 6, 1),
(6487, 324, 7, 1),
(6488, 324, 8, 0),
(6489, 324, 9, 1),
(6490, 324, 10, 0),
(6491, 324, 11, 1),
(6492, 324, 12, 1),
(6493, 324, 13, 1),
(6494, 324, 14, 1),
(6495, 324, 15, 1),
(6496, 324, 16, 1),
(6497, 324, 17, 1),
(6498, 324, 18, 0),
(6499, 324, 19, 1),
(6500, 324, 20, 19),
(6501, 325, 1, 1),
(6502, 325, 2, 1),
(6503, 325, 3, 1),
(6504, 325, 4, 0),
(6505, 325, 5, 1),
(6506, 325, 6, 1),
(6507, 325, 7, 1),
(6508, 325, 8, 0),
(6509, 325, 9, 1),
(6510, 325, 10, 0),
(6511, 325, 11, 1),
(6512, 325, 12, 0),
(6513, 325, 13, 1),
(6514, 325, 14, 0),
(6515, 325, 15, 1),
(6516, 325, 16, 1),
(6517, 325, 17, 1),
(6518, 325, 18, 0),
(6519, 325, 19, 0),
(6520, 325, 20, 19),
(6521, 326, 1, 1),
(6522, 326, 2, 1),
(6523, 326, 3, 1),
(6524, 326, 4, 0),
(6525, 326, 5, 1),
(6526, 326, 6, 1),
(6527, 326, 7, 1),
(6528, 326, 8, 0),
(6529, 326, 9, 1),
(6530, 326, 10, 0),
(6531, 326, 11, 1),
(6532, 326, 12, 0),
(6533, 326, 13, 1),
(6534, 326, 14, 0),
(6535, 326, 15, 1),
(6536, 326, 16, 1),
(6537, 326, 17, 1),
(6538, 326, 18, 0),
(6539, 326, 19, 0),
(6540, 326, 20, 19),
(6541, 327, 1, 1),
(6542, 327, 2, 1),
(6543, 327, 3, 1),
(6544, 327, 4, 0),
(6545, 327, 5, 1),
(6546, 327, 6, 1),
(6547, 327, 7, 1),
(6548, 327, 8, 0),
(6549, 327, 9, 1),
(6550, 327, 10, 0),
(6551, 327, 11, 1),
(6552, 327, 12, 0),
(6553, 327, 13, 1),
(6554, 327, 14, 0),
(6555, 327, 15, 1),
(6556, 327, 16, 1),
(6557, 327, 17, 1),
(6558, 327, 18, 0),
(6559, 327, 19, 0),
(6560, 327, 20, 19),
(6561, 328, 1, 1),
(6562, 328, 2, 1),
(6563, 328, 3, 1),
(6564, 328, 4, 0),
(6565, 328, 5, 1),
(6566, 328, 6, 1),
(6567, 328, 7, 1),
(6568, 328, 8, 0),
(6569, 328, 9, 1),
(6570, 328, 10, 0),
(6571, 328, 11, 1),
(6572, 328, 12, 0),
(6573, 328, 13, 1),
(6574, 328, 14, 0),
(6575, 328, 15, 1),
(6576, 328, 16, 1),
(6577, 328, 17, 1),
(6578, 328, 18, 0),
(6579, 328, 19, 0),
(6580, 328, 20, 19),
(6581, 329, 1, 1),
(6582, 329, 2, 1),
(6583, 329, 3, 1),
(6584, 329, 4, 0),
(6585, 329, 5, 1),
(6586, 329, 6, 1),
(6587, 329, 7, 1),
(6588, 329, 8, 0),
(6589, 329, 9, 1),
(6590, 329, 10, 0),
(6591, 329, 11, 1),
(6592, 329, 12, 0),
(6593, 329, 13, 1),
(6594, 329, 14, 0),
(6595, 329, 15, 1),
(6596, 329, 16, 1),
(6597, 329, 17, 1),
(6598, 329, 18, 0),
(6599, 329, 19, 0),
(6600, 329, 20, 19),
(6601, 330, 1, 1),
(6602, 330, 2, 1),
(6603, 330, 3, 1),
(6604, 330, 4, 0),
(6605, 330, 5, 1),
(6606, 330, 6, 1),
(6607, 330, 7, 1),
(6608, 330, 8, 0),
(6609, 330, 9, 1),
(6610, 330, 10, 0),
(6611, 330, 11, 1),
(6612, 330, 12, 0),
(6613, 330, 13, 1),
(6614, 330, 14, 0),
(6615, 330, 15, 1),
(6616, 330, 16, 1),
(6617, 330, 17, 1),
(6618, 330, 18, 0),
(6619, 330, 19, 0),
(6620, 330, 20, 19),
(6621, 331, 1, 1),
(6622, 331, 2, 1),
(6623, 331, 3, 1),
(6624, 331, 4, 1),
(6625, 331, 5, 1),
(6626, 331, 6, 1),
(6627, 331, 7, 1),
(6628, 331, 8, 1),
(6629, 331, 9, 0),
(6630, 331, 10, 1),
(6631, 331, 11, 1),
(6632, 331, 12, 0),
(6633, 331, 13, 1),
(6634, 331, 14, 0),
(6635, 331, 15, 1),
(6636, 331, 16, 1),
(6637, 331, 17, 1),
(6638, 331, 18, 0),
(6639, 331, 19, 0),
(6640, 331, 20, 19),
(6641, 332, 1, 1),
(6642, 332, 2, 0),
(6643, 332, 3, 1),
(6644, 332, 4, 1),
(6645, 332, 5, 1),
(6646, 332, 6, 1),
(6647, 332, 7, 1),
(6648, 332, 8, 0),
(6649, 332, 9, 1),
(6650, 332, 10, 0),
(6651, 332, 11, 1),
(6652, 332, 12, 0),
(6653, 332, 13, 1),
(6654, 332, 14, 0),
(6655, 332, 15, 1),
(6656, 332, 16, 1),
(6657, 332, 17, 1),
(6658, 332, 18, 0),
(6659, 332, 19, 0),
(6660, 332, 20, 23),
(6661, 333, 1, 1),
(6662, 333, 2, 1),
(6663, 333, 3, 1),
(6664, 333, 4, 0),
(6665, 333, 5, 1),
(6666, 333, 6, 1),
(6667, 333, 7, 1),
(6668, 333, 8, 0),
(6669, 333, 9, 1),
(6670, 333, 10, 0),
(6671, 333, 11, 1),
(6672, 333, 12, 0),
(6673, 333, 13, 1),
(6674, 333, 14, 0),
(6675, 333, 15, 1),
(6676, 333, 16, 1),
(6677, 333, 17, 1),
(6678, 333, 18, 0),
(6679, 333, 19, 0),
(6680, 333, 20, 19),
(6681, 334, 1, 1),
(6682, 334, 2, 1),
(6683, 334, 3, 1),
(6684, 334, 4, 0),
(6685, 334, 5, 1),
(6686, 334, 6, 1),
(6687, 334, 7, 1),
(6688, 334, 8, 0),
(6689, 334, 9, 1),
(6690, 334, 10, 0),
(6691, 334, 11, 1),
(6692, 334, 12, 1),
(6693, 334, 13, 1),
(6694, 334, 14, 1),
(6695, 334, 15, 1),
(6696, 334, 16, 1),
(6697, 334, 17, 1),
(6698, 334, 18, 1),
(6699, 334, 19, 1),
(6700, 334, 20, 19),
(6701, 335, 1, 1),
(6702, 335, 2, 1),
(6703, 335, 3, 1),
(6704, 335, 4, 0),
(6705, 335, 5, 1),
(6706, 335, 6, 1),
(6707, 335, 7, 1),
(6708, 335, 8, 0),
(6709, 335, 9, 1),
(6710, 335, 10, 0),
(6711, 335, 11, 1),
(6712, 335, 12, 1),
(6713, 335, 13, 1),
(6714, 335, 14, 0),
(6715, 335, 15, 1),
(6716, 335, 16, 1),
(6717, 335, 17, 1),
(6718, 335, 18, 0),
(6719, 335, 19, 0),
(6720, 335, 20, 19),
(6721, 336, 1, 1),
(6722, 336, 2, 1),
(6723, 336, 3, 1),
(6724, 336, 4, 0),
(6725, 336, 5, 1),
(6726, 336, 6, 1),
(6727, 336, 7, 1),
(6728, 336, 8, 0),
(6729, 336, 9, 1),
(6730, 336, 10, 0),
(6731, 336, 11, 1),
(6732, 336, 12, 0),
(6733, 336, 13, 1),
(6734, 336, 14, 0),
(6735, 336, 15, 1),
(6736, 336, 16, 1),
(6737, 336, 17, 1),
(6738, 336, 18, 0),
(6739, 336, 19, 0),
(6740, 336, 20, 19),
(6741, 337, 1, 1),
(6742, 337, 2, 1),
(6743, 337, 3, 1),
(6744, 337, 4, 0),
(6745, 337, 5, 1),
(6746, 337, 6, 1),
(6747, 337, 7, 1),
(6748, 337, 8, 0),
(6749, 337, 9, 1),
(6750, 337, 10, 0),
(6751, 337, 11, 1),
(6752, 337, 12, 0),
(6753, 337, 13, 1),
(6754, 337, 14, 0),
(6755, 337, 15, 1),
(6756, 337, 16, 1),
(6757, 337, 17, 1),
(6758, 337, 18, 0),
(6759, 337, 19, 0),
(6760, 337, 20, 19),
(6761, 338, 1, 1),
(6762, 338, 2, 1),
(6763, 338, 3, 1),
(6764, 338, 4, 0),
(6765, 338, 5, 1),
(6766, 338, 6, 1),
(6767, 338, 7, 1),
(6768, 338, 8, 0),
(6769, 338, 9, 1),
(6770, 338, 10, 0),
(6771, 338, 11, 1),
(6772, 338, 12, 0),
(6773, 338, 13, 1),
(6774, 338, 14, 0),
(6775, 338, 15, 1),
(6776, 338, 16, 1),
(6777, 338, 17, 1),
(6778, 338, 18, 0),
(6779, 338, 19, 0),
(6780, 338, 20, 19),
(6781, 339, 1, 1),
(6782, 339, 2, 1),
(6783, 339, 3, 1),
(6784, 339, 4, 0),
(6785, 339, 5, 1),
(6786, 339, 6, 1),
(6787, 339, 7, 1),
(6788, 339, 8, 0),
(6789, 339, 9, 1),
(6790, 339, 10, 0),
(6791, 339, 11, 1),
(6792, 339, 12, 0),
(6793, 339, 13, 1),
(6794, 339, 14, 0),
(6795, 339, 15, 1),
(6796, 339, 16, 1),
(6797, 339, 17, 1),
(6798, 339, 18, 0),
(6799, 339, 19, 0),
(6800, 339, 20, 19),
(6801, 340, 1, 1),
(6802, 340, 2, 1),
(6803, 340, 3, 0),
(6804, 340, 4, 1),
(6805, 340, 5, 1),
(6806, 340, 6, 1),
(6807, 340, 7, 1),
(6808, 340, 8, 0),
(6809, 340, 9, 0),
(6810, 340, 10, 0),
(6811, 340, 11, 1),
(6812, 340, 12, 1),
(6813, 340, 13, 0),
(6814, 340, 14, 0),
(6815, 340, 15, 0),
(6816, 340, 16, 0),
(6817, 340, 17, 0),
(6818, 340, 18, 0),
(6819, 340, 19, 1),
(6820, 340, 20, 19),
(6821, 341, 1, 1),
(6822, 341, 2, 1),
(6823, 341, 3, 1),
(6824, 341, 4, 0),
(6825, 341, 5, 1),
(6826, 341, 6, 1),
(6827, 341, 7, 1),
(6828, 341, 8, 0),
(6829, 341, 9, 1),
(6830, 341, 10, 0),
(6831, 341, 11, 1),
(6832, 341, 12, 0),
(6833, 341, 13, 1),
(6834, 341, 14, 0),
(6835, 341, 15, 1),
(6836, 341, 16, 1),
(6837, 341, 17, 1),
(6838, 341, 18, 0),
(6839, 341, 19, 0),
(6840, 341, 20, 19),
(6841, 342, 1, 1),
(6842, 342, 2, 1),
(6843, 342, 3, 1),
(6844, 342, 4, 0),
(6845, 342, 5, 1),
(6846, 342, 6, 1),
(6847, 342, 7, 1),
(6848, 342, 8, 0),
(6849, 342, 9, 1),
(6850, 342, 10, 0),
(6851, 342, 11, 1),
(6852, 342, 12, 0),
(6853, 342, 13, 1),
(6854, 342, 14, 0),
(6855, 342, 15, 1),
(6856, 342, 16, 1),
(6857, 342, 17, 1),
(6858, 342, 18, 0),
(6859, 342, 19, 0),
(6860, 342, 20, 19),
(6861, 343, 1, 1),
(6862, 343, 2, 1),
(6863, 343, 3, 1),
(6864, 343, 4, 0),
(6865, 343, 5, 1),
(6866, 343, 6, 1),
(6867, 343, 7, 1),
(6868, 343, 8, 0),
(6869, 343, 9, 1),
(6870, 343, 10, 0),
(6871, 343, 11, 1),
(6872, 343, 12, 0),
(6873, 343, 13, 1),
(6874, 343, 14, 0),
(6875, 343, 15, 1),
(6876, 343, 16, 1),
(6877, 343, 17, 1),
(6878, 343, 18, 0),
(6879, 343, 19, 0),
(6880, 343, 20, 19),
(6881, 344, 1, 1),
(6882, 344, 2, 1),
(6883, 344, 3, 1),
(6884, 344, 4, 0),
(6885, 344, 5, 1),
(6886, 344, 6, 1),
(6887, 344, 7, 1),
(6888, 344, 8, 0),
(6889, 344, 9, 1),
(6890, 344, 10, 0),
(6891, 344, 11, 1),
(6892, 344, 12, 0),
(6893, 344, 13, 1),
(6894, 344, 14, 0),
(6895, 344, 15, 1),
(6896, 344, 16, 1),
(6897, 344, 17, 1),
(6898, 344, 18, 0),
(6899, 344, 19, 0),
(6900, 344, 20, 19),
(6901, 345, 1, 1),
(6902, 345, 2, 1),
(6903, 345, 3, 1),
(6904, 345, 4, 0),
(6905, 345, 5, 1),
(6906, 345, 6, 1),
(6907, 345, 7, 1),
(6908, 345, 8, 0),
(6909, 345, 9, 1),
(6910, 345, 10, 0),
(6911, 345, 11, 1),
(6912, 345, 12, 0),
(6913, 345, 13, 1),
(6914, 345, 14, 0),
(6915, 345, 15, 1),
(6916, 345, 16, 1),
(6917, 345, 17, 1),
(6918, 345, 18, 0),
(6919, 345, 19, 0),
(6920, 345, 20, 19),
(6921, 346, 1, 1),
(6922, 346, 2, 1),
(6923, 346, 3, 1),
(6924, 346, 4, 0),
(6925, 346, 5, 1),
(6926, 346, 6, 1),
(6927, 346, 7, 1),
(6928, 346, 8, 0),
(6929, 346, 9, 1),
(6930, 346, 10, 0),
(6931, 346, 11, 1),
(6932, 346, 12, 0),
(6933, 346, 13, 1),
(6934, 346, 14, 0),
(6935, 346, 15, 1),
(6936, 346, 16, 1),
(6937, 346, 17, 1),
(6938, 346, 18, 0),
(6939, 346, 19, 0),
(6940, 346, 20, 19),
(6941, 347, 1, 1),
(6942, 347, 2, 1),
(6943, 347, 3, 1),
(6944, 347, 4, 0),
(6945, 347, 5, 1),
(6946, 347, 6, 1),
(6947, 347, 7, 1),
(6948, 347, 8, 0),
(6949, 347, 9, 1),
(6950, 347, 10, 0),
(6951, 347, 11, 1),
(6952, 347, 12, 0),
(6953, 347, 13, 1),
(6954, 347, 14, 0),
(6955, 347, 15, 1),
(6956, 347, 16, 1),
(6957, 347, 17, 1),
(6958, 347, 18, 0),
(6959, 347, 19, 0),
(6960, 347, 20, 19),
(6961, 348, 1, 1),
(6962, 348, 2, 1),
(6963, 348, 3, 1),
(6964, 348, 4, 0),
(6965, 348, 5, 1),
(6966, 348, 6, 1),
(6967, 348, 7, 1),
(6968, 348, 8, 0),
(6969, 348, 9, 1),
(6970, 348, 10, 0),
(6971, 348, 11, 1),
(6972, 348, 12, 0),
(6973, 348, 13, 1),
(6974, 348, 14, 0),
(6975, 348, 15, 1),
(6976, 348, 16, 1),
(6977, 348, 17, 1),
(6978, 348, 18, 0),
(6979, 348, 19, 1),
(6980, 348, 20, 19),
(6981, 349, 1, 1),
(6982, 349, 2, 1),
(6983, 349, 3, 1),
(6984, 349, 4, 0),
(6985, 349, 5, 1),
(6986, 349, 6, 1),
(6987, 349, 7, 1),
(6988, 349, 8, 0),
(6989, 349, 9, 1),
(6990, 349, 10, 0),
(6991, 349, 11, 1),
(6992, 349, 12, 0),
(6993, 349, 13, 1),
(6994, 349, 14, 0),
(6995, 349, 15, 1),
(6996, 349, 16, 1),
(6997, 349, 17, 1),
(6998, 349, 18, 0),
(6999, 349, 19, 0),
(7000, 349, 20, 19),
(7001, 350, 1, 0),
(7002, 350, 2, 0),
(7003, 350, 3, 0),
(7004, 350, 4, 0),
(7005, 350, 5, 1),
(7006, 350, 6, 1),
(7007, 350, 7, 1),
(7008, 350, 8, 0),
(7009, 350, 9, 1),
(7010, 350, 10, 0),
(7011, 350, 11, 1),
(7012, 350, 12, 0),
(7013, 350, 13, 1),
(7014, 350, 14, 0),
(7015, 350, 15, 1),
(7016, 350, 16, 1),
(7017, 350, 17, 1),
(7018, 350, 18, 0),
(7019, 350, 19, 0),
(7020, 350, 20, 19),
(7021, 351, 1, 1),
(7022, 351, 2, 1),
(7023, 351, 3, 1),
(7024, 351, 4, 0),
(7025, 351, 5, 1),
(7026, 351, 6, 1),
(7027, 351, 7, 1),
(7028, 351, 8, 0),
(7029, 351, 9, 1),
(7030, 351, 10, 0),
(7031, 351, 11, 1),
(7032, 351, 12, 0),
(7033, 351, 13, 1),
(7034, 351, 14, 0),
(7035, 351, 15, 1),
(7036, 351, 16, 1),
(7037, 351, 17, 1),
(7038, 351, 18, 0),
(7039, 351, 19, 0),
(7040, 351, 20, 19),
(7041, 352, 1, 1),
(7042, 352, 2, 1),
(7043, 352, 3, 1),
(7044, 352, 4, 0),
(7045, 352, 5, 1),
(7046, 352, 6, 1),
(7047, 352, 7, 1),
(7048, 352, 8, 0),
(7049, 352, 9, 1),
(7050, 352, 10, 0),
(7051, 352, 11, 1),
(7052, 352, 12, 0),
(7053, 352, 13, 1),
(7054, 352, 14, 0),
(7055, 352, 15, 1),
(7056, 352, 16, 1),
(7057, 352, 17, 1),
(7058, 352, 18, 0),
(7059, 352, 19, 0),
(7060, 352, 20, 19),
(7061, 353, 1, 0),
(7062, 353, 2, 0),
(7063, 353, 3, 1),
(7064, 353, 4, 1),
(7065, 353, 5, 1),
(7066, 353, 6, 1),
(7067, 353, 7, 1),
(7068, 353, 8, 1),
(7069, 353, 9, 0),
(7070, 353, 10, 0),
(7071, 353, 11, 1),
(7072, 353, 12, 0),
(7073, 353, 13, 1),
(7074, 353, 14, 0),
(7075, 353, 15, 1),
(7076, 353, 16, 1),
(7077, 353, 17, 1),
(7078, 353, 18, 0),
(7079, 353, 19, 0),
(7080, 353, 20, 19),
(7081, 354, 1, 1),
(7082, 354, 2, 1),
(7083, 354, 3, 1),
(7084, 354, 4, 0),
(7085, 354, 5, 1),
(7086, 354, 6, 1),
(7087, 354, 7, 1),
(7088, 354, 8, 0),
(7089, 354, 9, 1),
(7090, 354, 10, 0),
(7091, 354, 11, 1),
(7092, 354, 12, 0),
(7093, 354, 13, 1),
(7094, 354, 14, 0),
(7095, 354, 15, 1),
(7096, 354, 16, 1),
(7097, 354, 17, 1),
(7098, 354, 18, 0),
(7099, 354, 19, 0),
(7100, 354, 20, 19),
(7101, 355, 1, 1),
(7102, 355, 2, 1),
(7103, 355, 3, 1),
(7104, 355, 4, 0),
(7105, 355, 5, 1),
(7106, 355, 6, 1),
(7107, 355, 7, 1),
(7108, 355, 8, 0),
(7109, 355, 9, 1),
(7110, 355, 10, 0),
(7111, 355, 11, 1),
(7112, 355, 12, 0),
(7113, 355, 13, 1),
(7114, 355, 14, 0),
(7115, 355, 15, 1),
(7116, 355, 16, 1),
(7117, 355, 17, 1),
(7118, 355, 18, 0),
(7119, 355, 19, 0),
(7120, 355, 20, 21),
(7121, 356, 1, 1),
(7122, 356, 2, 1),
(7123, 356, 3, 1),
(7124, 356, 4, 0),
(7125, 356, 5, 1),
(7126, 356, 6, 1),
(7127, 356, 7, 1),
(7128, 356, 8, 0),
(7129, 356, 9, 1),
(7130, 356, 10, 0),
(7131, 356, 11, 1),
(7132, 356, 12, 0),
(7133, 356, 13, 1),
(7134, 356, 14, 0),
(7135, 356, 15, 1),
(7136, 356, 16, 1),
(7137, 356, 17, 1),
(7138, 356, 18, 0),
(7139, 356, 19, 0),
(7140, 356, 20, 19),
(7141, 357, 1, 1),
(7142, 357, 2, 1),
(7143, 357, 3, 1),
(7144, 357, 4, 0),
(7145, 357, 5, 1),
(7146, 357, 6, 1),
(7147, 357, 7, 1),
(7148, 357, 8, 0),
(7149, 357, 9, 1),
(7150, 357, 10, 0),
(7151, 357, 11, 1),
(7152, 357, 12, 0),
(7153, 357, 13, 1),
(7154, 357, 14, 0),
(7155, 357, 15, 1),
(7156, 357, 16, 1),
(7157, 357, 17, 1),
(7158, 357, 18, 0),
(7159, 357, 19, 0),
(7160, 357, 20, 19),
(7161, 358, 1, 0),
(7162, 358, 2, 0),
(7163, 358, 3, 1),
(7164, 358, 4, 0),
(7165, 358, 5, 1),
(7166, 358, 6, 1),
(7167, 358, 7, 1),
(7168, 358, 8, 0),
(7169, 358, 9, 1),
(7170, 358, 10, 0),
(7171, 358, 11, 1),
(7172, 358, 12, 0),
(7173, 358, 13, 1),
(7174, 358, 14, 0),
(7175, 358, 15, 1),
(7176, 358, 16, 1),
(7177, 358, 17, 1),
(7178, 358, 18, 0),
(7179, 358, 19, 0),
(7180, 358, 20, 23),
(7181, 359, 1, 1),
(7182, 359, 2, 1),
(7183, 359, 3, 1),
(7184, 359, 4, 0),
(7185, 359, 5, 1),
(7186, 359, 6, 1),
(7187, 359, 7, 0),
(7188, 359, 8, 0),
(7189, 359, 9, 1),
(7190, 359, 10, 0),
(7191, 359, 11, 1),
(7192, 359, 12, 0),
(7193, 359, 13, 1),
(7194, 359, 14, 0),
(7195, 359, 15, 1),
(7196, 359, 16, 1),
(7197, 359, 17, 1),
(7198, 359, 18, 0),
(7199, 359, 19, 0),
(7200, 359, 20, 19),
(7201, 360, 1, 1),
(7202, 360, 2, 1),
(7203, 360, 3, 0),
(7204, 360, 4, 0),
(7205, 360, 5, 1),
(7206, 360, 6, 1),
(7207, 360, 7, 1),
(7208, 360, 8, 0),
(7209, 360, 9, 1),
(7210, 360, 10, 0),
(7211, 360, 11, 1),
(7212, 360, 12, 0),
(7213, 360, 13, 1),
(7214, 360, 14, 0),
(7215, 360, 15, 1),
(7216, 360, 16, 1),
(7217, 360, 17, 1),
(7218, 360, 18, 0),
(7219, 360, 19, 0),
(7220, 360, 20, 22),
(7221, 361, 1, 1),
(7222, 361, 2, 0),
(7223, 361, 3, 0),
(7224, 361, 4, 0),
(7225, 361, 5, 1),
(7226, 361, 6, 1),
(7227, 361, 7, 0),
(7228, 361, 8, 0),
(7229, 361, 9, 1),
(7230, 361, 10, 1),
(7231, 361, 11, 1),
(7232, 361, 12, 0),
(7233, 361, 13, 0),
(7234, 361, 14, 0),
(7235, 361, 15, 1),
(7236, 361, 16, 1),
(7237, 361, 17, 1),
(7238, 361, 18, 0),
(7239, 361, 19, 0),
(7240, 361, 20, 8),
(7241, 362, 1, 1),
(7242, 362, 2, 1),
(7243, 362, 3, 1),
(7244, 362, 4, 0),
(7245, 362, 5, 1),
(7246, 362, 6, 1),
(7247, 362, 7, 1),
(7248, 362, 8, 0),
(7249, 362, 9, 1),
(7250, 362, 10, 0),
(7251, 362, 11, 1),
(7252, 362, 12, 0),
(7253, 362, 13, 1),
(7254, 362, 14, 0),
(7255, 362, 15, 1),
(7256, 362, 16, 1),
(7257, 362, 17, 1),
(7258, 362, 18, 0),
(7259, 362, 19, 0),
(7260, 362, 20, 19),
(7261, 363, 1, 1),
(7262, 363, 2, 1),
(7263, 363, 3, 1),
(7264, 363, 4, 0),
(7265, 363, 5, 1),
(7266, 363, 6, 1),
(7267, 363, 7, 1),
(7268, 363, 8, 0),
(7269, 363, 9, 1),
(7270, 363, 10, 0),
(7271, 363, 11, 1),
(7272, 363, 12, 0),
(7273, 363, 13, 1),
(7274, 363, 14, 0),
(7275, 363, 15, 1),
(7276, 363, 16, 1),
(7277, 363, 17, 1),
(7278, 363, 18, 0),
(7279, 363, 19, 0),
(7280, 363, 20, 19),
(7281, 364, 1, 0),
(7282, 364, 2, 0),
(7283, 364, 3, 0),
(7284, 364, 4, 0),
(7285, 364, 5, 0),
(7286, 364, 6, 1),
(7287, 364, 7, 1),
(7288, 364, 8, 0),
(7289, 364, 9, 1),
(7290, 364, 10, 0),
(7291, 364, 11, 1),
(7292, 364, 12, 1),
(7293, 364, 13, 1),
(7294, 364, 14, 1),
(7295, 364, 15, 1),
(7296, 364, 16, 1),
(7297, 364, 17, 0),
(7298, 364, 18, 1),
(7299, 364, 19, 1),
(7300, 364, 20, 15),
(7301, 365, 1, 1),
(7302, 365, 2, 1),
(7303, 365, 3, 1),
(7304, 365, 4, 0),
(7305, 365, 5, 1),
(7306, 365, 6, 1),
(7307, 365, 7, 1),
(7308, 365, 8, 0),
(7309, 365, 9, 1),
(7310, 365, 10, 0),
(7311, 365, 11, 1),
(7312, 365, 12, 1),
(7313, 365, 13, 1),
(7314, 365, 14, 0),
(7315, 365, 15, 1),
(7316, 365, 16, 1),
(7317, 365, 17, 1),
(7318, 365, 18, 1),
(7319, 365, 19, 1),
(7320, 365, 20, 19),
(7321, 366, 1, 0),
(7322, 366, 2, 0),
(7323, 366, 3, 0),
(7324, 366, 4, 0),
(7325, 366, 5, 1),
(7326, 366, 6, 1),
(7327, 366, 7, 1),
(7328, 366, 8, 1),
(7329, 366, 9, 1),
(7330, 366, 10, 1),
(7331, 366, 11, 1),
(7332, 366, 12, 1),
(7333, 366, 13, 1),
(7334, 366, 14, 1),
(7335, 366, 15, 0),
(7336, 366, 16, 0),
(7337, 366, 17, 0),
(7338, 366, 18, 1),
(7339, 366, 19, 1),
(7340, 366, 20, 19),
(7341, 367, 1, 0),
(7342, 367, 2, 1),
(7343, 367, 3, 0),
(7344, 367, 4, 0),
(7345, 367, 5, 1),
(7346, 367, 6, 1),
(7347, 367, 7, 1),
(7348, 367, 8, 0),
(7349, 367, 9, 0),
(7350, 367, 10, 0),
(7351, 367, 11, 0),
(7352, 367, 12, 0),
(7353, 367, 13, 1),
(7354, 367, 14, 0),
(7355, 367, 15, 0),
(7356, 367, 16, 0),
(7357, 367, 17, 1),
(7358, 367, 18, 0),
(7359, 367, 19, 0),
(7360, 367, 20, 19),
(7361, 368, 1, 1),
(7362, 368, 2, 1),
(7363, 368, 3, 1),
(7364, 368, 4, 0),
(7365, 368, 5, 1),
(7366, 368, 6, 1),
(7367, 368, 7, 1),
(7368, 368, 8, 0),
(7369, 368, 9, 1),
(7370, 368, 10, 0),
(7371, 368, 11, 1),
(7372, 368, 12, 0),
(7373, 368, 13, 1),
(7374, 368, 14, 0),
(7375, 368, 15, 1),
(7376, 368, 16, 1),
(7377, 368, 17, 1),
(7378, 368, 18, 0),
(7379, 368, 19, 0),
(7380, 368, 20, 67),
(7381, 369, 1, 1),
(7382, 369, 2, 0),
(7383, 369, 3, 1),
(7384, 369, 4, 0),
(7385, 369, 5, 1),
(7386, 369, 6, 1),
(7387, 369, 7, 1),
(7388, 369, 8, 0),
(7389, 369, 9, 1),
(7390, 369, 10, 0),
(7391, 369, 11, 1),
(7392, 369, 12, 0),
(7393, 369, 13, 1),
(7394, 369, 14, 0),
(7395, 369, 15, 1),
(7396, 369, 16, 1),
(7397, 369, 17, 1),
(7398, 369, 18, 0),
(7399, 369, 19, 0),
(7400, 369, 20, 19),
(7401, 370, 1, 0),
(7402, 370, 2, 0),
(7403, 370, 3, 0),
(7404, 370, 4, 0),
(7405, 370, 5, 1),
(7406, 370, 6, 0),
(7407, 370, 7, 0),
(7408, 370, 8, 0),
(7409, 370, 9, 0),
(7410, 370, 10, 0),
(7411, 370, 11, 1),
(7412, 370, 12, 0),
(7413, 370, 13, 1),
(7414, 370, 14, 0),
(7415, 370, 15, 0),
(7416, 370, 16, 0),
(7417, 370, 17, 1),
(7418, 370, 18, 0),
(7419, 370, 19, 1),
(7420, 370, 20, 17),
(7421, 371, 1, 1),
(7422, 371, 2, 1),
(7423, 371, 3, 1),
(7424, 371, 4, 0),
(7425, 371, 5, 1),
(7426, 371, 6, 1),
(7427, 371, 7, 1),
(7428, 371, 8, 0),
(7429, 371, 9, 1),
(7430, 371, 10, 0),
(7431, 371, 11, 1),
(7432, 371, 12, 0),
(7433, 371, 13, 1),
(7434, 371, 14, 0),
(7435, 371, 15, 1),
(7436, 371, 16, 1),
(7437, 371, 17, 1),
(7438, 371, 18, 0),
(7439, 371, 19, 0),
(7440, 371, 20, 19),
(7441, 372, 1, 0),
(7442, 372, 2, 0),
(7443, 372, 3, 0),
(7444, 372, 4, 0),
(7445, 372, 5, 1),
(7446, 372, 6, 1),
(7447, 372, 7, 1),
(7448, 372, 8, 0),
(7449, 372, 9, 1),
(7450, 372, 10, 0),
(7451, 372, 11, 1),
(7452, 372, 12, 0),
(7453, 372, 13, 1),
(7454, 372, 14, 0),
(7455, 372, 15, 1),
(7456, 372, 16, 1),
(7457, 372, 17, 1),
(7458, 372, 18, 0),
(7459, 372, 19, 0),
(7460, 372, 20, 19),
(7461, 373, 1, 0),
(7462, 373, 2, 0),
(7463, 373, 3, 0),
(7464, 373, 4, 0),
(7465, 373, 5, 1),
(7466, 373, 6, 1),
(7467, 373, 7, 1),
(7468, 373, 8, 0),
(7469, 373, 9, 1),
(7470, 373, 10, 0),
(7471, 373, 11, 1),
(7472, 373, 12, 0),
(7473, 373, 13, 0),
(7474, 373, 14, 0),
(7475, 373, 15, 1),
(7476, 373, 16, 0),
(7477, 373, 17, 1),
(7478, 373, 18, 0),
(7479, 373, 19, 1),
(7480, 373, 20, 19),
(7481, 374, 1, 1),
(7482, 374, 2, 1),
(7483, 374, 3, 1),
(7484, 374, 4, 0),
(7485, 374, 5, 0),
(7486, 374, 6, 1),
(7487, 374, 7, 1),
(7488, 374, 8, 0),
(7489, 374, 9, 1),
(7490, 374, 10, 0),
(7491, 374, 11, 1),
(7492, 374, 12, 0),
(7493, 374, 13, 1),
(7494, 374, 14, 0),
(7495, 374, 15, 1),
(7496, 374, 16, 0),
(7497, 374, 17, 0),
(7498, 374, 18, 0),
(7499, 374, 19, 0),
(7500, 374, 20, 19),
(7501, 375, 1, 1),
(7502, 375, 2, 1),
(7503, 375, 3, 1),
(7504, 375, 4, 1),
(7505, 375, 5, 1),
(7506, 375, 6, 1),
(7507, 375, 7, 1),
(7508, 375, 8, 0),
(7509, 375, 9, 1),
(7510, 375, 10, 0),
(7511, 375, 11, 1),
(7512, 375, 12, 0),
(7513, 375, 13, 1),
(7514, 375, 14, 0),
(7515, 375, 15, 1),
(7516, 375, 16, 1),
(7517, 375, 17, 1),
(7518, 375, 18, 0),
(7519, 375, 19, 1),
(7520, 375, 20, 19),
(7521, 376, 1, 1),
(7522, 376, 2, 1),
(7523, 376, 3, 1),
(7524, 376, 4, 0),
(7525, 376, 5, 1),
(7526, 376, 6, 1),
(7527, 376, 7, 1),
(7528, 376, 8, 0),
(7529, 376, 9, 1),
(7530, 376, 10, 1),
(7531, 376, 11, 1),
(7532, 376, 12, 0),
(7533, 376, 13, 1),
(7534, 376, 14, 0),
(7535, 376, 15, 1),
(7536, 376, 16, 1),
(7537, 376, 17, 1),
(7538, 376, 18, 0),
(7539, 376, 19, 1),
(7540, 376, 20, 19),
(7541, 377, 1, 0),
(7542, 377, 2, 0),
(7543, 377, 3, 1),
(7544, 377, 4, 0),
(7545, 377, 5, 0),
(7546, 377, 6, 0),
(7547, 377, 7, 0),
(7548, 377, 8, 0),
(7549, 377, 9, 1),
(7550, 377, 10, 0),
(7551, 377, 11, 1),
(7552, 377, 12, 0),
(7553, 377, 13, 0),
(7554, 377, 14, 0),
(7555, 377, 15, 1),
(7556, 377, 16, 1),
(7557, 377, 17, 0),
(7558, 377, 18, 0),
(7559, 377, 19, 1),
(7560, 377, 20, 19),
(7561, 378, 1, 1),
(7562, 378, 2, 1),
(7563, 378, 3, 1),
(7564, 378, 4, 0),
(7565, 378, 5, 1),
(7566, 378, 6, 1),
(7567, 378, 7, 1),
(7568, 378, 8, 0),
(7569, 378, 9, 1),
(7570, 378, 10, 0),
(7571, 378, 11, 1),
(7572, 378, 12, 0),
(7573, 378, 13, 1),
(7574, 378, 14, 0),
(7575, 378, 15, 1),
(7576, 378, 16, 1),
(7577, 378, 17, 1),
(7578, 378, 18, 0),
(7579, 378, 19, 0),
(7580, 378, 20, 19),
(7581, 379, 1, 1),
(7582, 379, 2, 1),
(7583, 379, 3, 1),
(7584, 379, 4, 0),
(7585, 379, 5, 1),
(7586, 379, 6, 1),
(7587, 379, 7, 1),
(7588, 379, 8, 0),
(7589, 379, 9, 1),
(7590, 379, 10, 0),
(7591, 379, 11, 1),
(7592, 379, 12, 0),
(7593, 379, 13, 1),
(7594, 379, 14, 0),
(7595, 379, 15, 1),
(7596, 379, 16, 1),
(7597, 379, 17, 1),
(7598, 379, 18, 0),
(7599, 379, 19, 0),
(7600, 379, 20, 19),
(7601, 380, 1, 0),
(7602, 380, 2, 0),
(7603, 380, 3, 1),
(7604, 380, 4, 0),
(7605, 380, 5, 0),
(7606, 380, 6, 1),
(7607, 380, 7, 1),
(7608, 380, 8, 0),
(7609, 380, 9, 1),
(7610, 380, 10, 0),
(7611, 380, 11, 1),
(7612, 380, 12, 0),
(7613, 380, 13, 1),
(7614, 380, 14, 0),
(7615, 380, 15, 1),
(7616, 380, 16, 1),
(7617, 380, 17, 1),
(7618, 380, 18, 1),
(7619, 380, 19, 0),
(7620, 380, 20, 21),
(7621, 381, 1, 1),
(7622, 381, 2, 0),
(7623, 381, 3, 0),
(7624, 381, 4, 0),
(7625, 381, 5, 0),
(7626, 381, 6, 0),
(7627, 381, 7, 1),
(7628, 381, 8, 0),
(7629, 381, 9, 1),
(7630, 381, 10, 0),
(7631, 381, 11, 1),
(7632, 381, 12, 0),
(7633, 381, 13, 1),
(7634, 381, 14, 0),
(7635, 381, 15, 0),
(7636, 381, 16, 1),
(7637, 381, 17, 0),
(7638, 381, 18, 1),
(7639, 381, 19, 1),
(7640, 381, 20, 17),
(7641, 382, 1, 1),
(7642, 382, 2, 1),
(7643, 382, 3, 1),
(7644, 382, 4, 0),
(7645, 382, 5, 1),
(7646, 382, 6, 1),
(7647, 382, 7, 1),
(7648, 382, 8, 0),
(7649, 382, 9, 1),
(7650, 382, 10, 0),
(7651, 382, 11, 1),
(7652, 382, 12, 0),
(7653, 382, 13, 1),
(7654, 382, 14, 0),
(7655, 382, 15, 1),
(7656, 382, 16, 1),
(7657, 382, 17, 1),
(7658, 382, 18, 0),
(7659, 382, 19, 0),
(7660, 382, 20, 19),
(7661, 383, 1, 0),
(7662, 383, 2, 0),
(7663, 383, 3, 1),
(7664, 383, 4, 1),
(7665, 383, 5, 0),
(7666, 383, 6, 1),
(7667, 383, 7, 1),
(7668, 383, 8, 0),
(7669, 383, 9, 1),
(7670, 383, 10, 0),
(7671, 383, 11, 1),
(7672, 383, 12, 0),
(7673, 383, 13, 1),
(7674, 383, 14, 0),
(7675, 383, 15, 1),
(7676, 383, 16, 1),
(7677, 383, 17, 1),
(7678, 383, 18, 0),
(7679, 383, 19, 0),
(7680, 383, 20, 28),
(7681, 384, 1, 0),
(7682, 384, 2, 0),
(7683, 384, 3, 1),
(7684, 384, 4, 1),
(7685, 384, 5, 1),
(7686, 384, 6, 1),
(7687, 384, 7, 1),
(7688, 384, 8, 0),
(7689, 384, 9, 0),
(7690, 384, 10, 0),
(7691, 384, 11, 1),
(7692, 384, 12, 0),
(7693, 384, 13, 1),
(7694, 384, 14, 1),
(7695, 384, 15, 1),
(7696, 384, 16, 0),
(7697, 384, 17, 1),
(7698, 384, 18, 0),
(7699, 384, 19, 1),
(7700, 384, 20, 17),
(7701, 385, 1, 1),
(7702, 385, 2, 0),
(7703, 385, 3, 1),
(7704, 385, 4, 1),
(7705, 385, 5, 1),
(7706, 385, 6, 1),
(7707, 385, 7, 1),
(7708, 385, 8, 0),
(7709, 385, 9, 1),
(7710, 385, 10, 0),
(7711, 385, 11, 1),
(7712, 385, 12, 0),
(7713, 385, 13, 1),
(7714, 385, 14, 0),
(7715, 385, 15, 1),
(7716, 385, 16, 1),
(7717, 385, 17, 1),
(7718, 385, 18, 0),
(7719, 385, 19, 0),
(7720, 385, 20, 16),
(7721, 386, 1, 0),
(7722, 386, 2, 0),
(7723, 386, 3, 0),
(7724, 386, 4, 1),
(7725, 386, 5, 0),
(7726, 386, 6, 1),
(7727, 386, 7, 1),
(7728, 386, 8, 1),
(7729, 386, 9, 1),
(7730, 386, 10, 1),
(7731, 386, 11, 1),
(7732, 386, 12, 0),
(7733, 386, 13, 1),
(7734, 386, 14, 0),
(7735, 386, 15, 0),
(7736, 386, 16, 0),
(7737, 386, 17, 0),
(7738, 386, 18, 0),
(7739, 386, 19, 0),
(7740, 386, 20, 13),
(7741, 387, 1, 1),
(7742, 387, 2, 1),
(7743, 387, 3, 1),
(7744, 387, 4, 0),
(7745, 387, 5, 1),
(7746, 387, 6, 1),
(7747, 387, 7, 1),
(7748, 387, 8, 0),
(7749, 387, 9, 1),
(7750, 387, 10, 0),
(7751, 387, 11, 1),
(7752, 387, 12, 0),
(7753, 387, 13, 1),
(7754, 387, 14, 0),
(7755, 387, 15, 1),
(7756, 387, 16, 1),
(7757, 387, 17, 1),
(7758, 387, 18, 0),
(7759, 387, 19, 0),
(7760, 387, 20, 19),
(7761, 388, 1, 1),
(7762, 388, 2, 1),
(7763, 388, 3, 1),
(7764, 388, 4, 1),
(7765, 388, 5, 0),
(7766, 388, 6, 1),
(7767, 388, 7, 1),
(7768, 388, 8, 0),
(7769, 388, 9, 1),
(7770, 388, 10, 0),
(7771, 388, 11, 1),
(7772, 388, 12, 1),
(7773, 388, 13, 1),
(7774, 388, 14, 0),
(7775, 388, 15, 1),
(7776, 388, 16, 1),
(7777, 388, 17, 1),
(7778, 388, 18, 0),
(7779, 388, 19, 1),
(7780, 388, 20, 24),
(7781, 389, 1, 0),
(7782, 389, 2, 1),
(7783, 389, 3, 1),
(7784, 389, 4, 0),
(7785, 389, 5, 1),
(7786, 389, 6, 1),
(7787, 389, 7, 1),
(7788, 389, 8, 0),
(7789, 389, 9, 1),
(7790, 389, 10, 0),
(7791, 389, 11, 1),
(7792, 389, 12, 0),
(7793, 389, 13, 1),
(7794, 389, 14, 0),
(7795, 389, 15, 1),
(7796, 389, 16, 1),
(7797, 389, 17, 1),
(7798, 389, 18, 0),
(7799, 389, 19, 0),
(7800, 389, 20, 20),
(7801, 390, 1, 1),
(7802, 390, 2, 1),
(7803, 390, 3, 1),
(7804, 390, 4, 0),
(7805, 390, 5, 1),
(7806, 390, 6, 1),
(7807, 390, 7, 1),
(7808, 390, 8, 0),
(7809, 390, 9, 1),
(7810, 390, 10, 0),
(7811, 390, 11, 1),
(7812, 390, 12, 1),
(7813, 390, 13, 0),
(7814, 390, 14, 1),
(7815, 390, 15, 1),
(7816, 390, 16, 1),
(7817, 390, 17, 1),
(7818, 390, 18, 0),
(7819, 390, 19, 0),
(7820, 390, 20, 19),
(7821, 391, 1, 1),
(7822, 391, 2, 1),
(7823, 391, 3, 1),
(7824, 391, 4, 0),
(7825, 391, 5, 1),
(7826, 391, 6, 1),
(7827, 391, 7, 1),
(7828, 391, 8, 0),
(7829, 391, 9, 1),
(7830, 391, 10, 0),
(7831, 391, 11, 1),
(7832, 391, 12, 0),
(7833, 391, 13, 1),
(7834, 391, 14, 0),
(7835, 391, 15, 1),
(7836, 391, 16, 1),
(7837, 391, 17, 1),
(7838, 391, 18, 0),
(7839, 391, 19, 0),
(7840, 391, 20, 19),
(7841, 392, 1, 1),
(7842, 392, 2, 1),
(7843, 392, 3, 1),
(7844, 392, 4, 0),
(7845, 392, 5, 1),
(7846, 392, 6, 1),
(7847, 392, 7, 1),
(7848, 392, 8, 0),
(7849, 392, 9, 1),
(7850, 392, 10, 0),
(7851, 392, 11, 1),
(7852, 392, 12, 0),
(7853, 392, 13, 1),
(7854, 392, 14, 0),
(7855, 392, 15, 1),
(7856, 392, 16, 1),
(7857, 392, 17, 1),
(7858, 392, 18, 0),
(7859, 392, 19, 0),
(7860, 392, 20, 20),
(7861, 393, 1, 1),
(7862, 393, 2, 1),
(7863, 393, 3, 1),
(7864, 393, 4, 1),
(7865, 393, 5, 1),
(7866, 393, 6, 1),
(7867, 393, 7, 1),
(7868, 393, 8, 0),
(7869, 393, 9, 1),
(7870, 393, 10, 0),
(7871, 393, 11, 1),
(7872, 393, 12, 0),
(7873, 393, 13, 1),
(7874, 393, 14, 0),
(7875, 393, 15, 1),
(7876, 393, 16, 1),
(7877, 393, 17, 1),
(7878, 393, 18, 0),
(7879, 393, 19, 0),
(7880, 393, 20, 21),
(7881, 394, 1, 1),
(7882, 394, 2, 1),
(7883, 394, 3, 1),
(7884, 394, 4, 0),
(7885, 394, 5, 1),
(7886, 394, 6, 1),
(7887, 394, 7, 1),
(7888, 394, 8, 0),
(7889, 394, 9, 1),
(7890, 394, 10, 0),
(7891, 394, 11, 1),
(7892, 394, 12, 0),
(7893, 394, 13, 1),
(7894, 394, 14, 0),
(7895, 394, 15, 1),
(7896, 394, 16, 1),
(7897, 394, 17, 1),
(7898, 394, 18, 0),
(7899, 394, 19, 0),
(7900, 394, 20, 26);

-- --------------------------------------------------------

--
-- Table structure for table `final_settings`
--

CREATE TABLE IF NOT EXISTS `final_settings` (
  `setting_id` int(10) unsigned NOT NULL auto_increment,
  `setting_title` varchar(40) NOT NULL,
  `setting_key` tinyint(3) unsigned NOT NULL,
  `zone_id` int(10) unsigned NOT NULL,
  `data_type` enum('boolean','number','text') NOT NULL default 'boolean',
  `default_value` varchar(20) NOT NULL,
  PRIMARY KEY  (`setting_id`)
) ENGINE=InnoDB  DEFAULT CHARSET=utf8 AUTO_INCREMENT=21 ;

--
-- Dumping data for table `final_settings`
--

INSERT INTO `final_settings` (`setting_id`, `setting_title`, `setting_key`, `zone_id`, `data_type`, `default_value`) VALUES
(1, 'Fan', 1, 1, 'boolean', '1'),
(2, 'Air Filter', 2, 1, 'boolean', '1'),
(3, 'Heat', 4, 1, 'boolean', '1'),
(4, 'Cool', 8, 1, 'boolean', '0'),
(5, 'Main Door', 1, 3, 'boolean', '1'),
(6, 'Front Outside', 1, 2, 'boolean', '1'),
(7, 'Back Outside', 2, 2, 'boolean', '1'),
(8, 'Living Room', 4, 2, 'boolean', '0'),
(9, 'Kitchen', 8, 2, 'boolean', '1'),
(10, 'Master Bedroom', 16, 2, 'boolean', '0'),
(11, 'Front Hall', 32, 2, 'boolean', '1'),
(12, 'Coffee Maker', 1, 6, 'boolean', '0'),
(13, 'Smart TV', 2, 6, 'boolean', '1'),
(14, 'Washing Machine', 4, 6, 'boolean', '0'),
(15, 'Front Door Locks', 1, 4, 'boolean', '1'),
(16, 'Back Door Locks', 2, 4, 'boolean', '1'),
(17, 'Side Door', 4, 4, 'boolean', '1'),
(18, 'Skylight Blinds', 8, 6, 'boolean', '0'),
(19, 'Alarm Enabled', 1, 5, 'boolean', '0'),
(20, 'Set Point', 16, 1, 'number', '19');

-- --------------------------------------------------------

--
-- Table structure for table `final_zones`
--

CREATE TABLE IF NOT EXISTS `final_zones` (
  `zone_id` int(10) unsigned NOT NULL auto_increment,
  `title` varchar(40) NOT NULL,
  PRIMARY KEY  (`zone_id`)
) ENGINE=InnoDB  DEFAULT CHARSET=utf8 AUTO_INCREMENT=7 ;

--
-- Dumping data for table `final_zones`
--

INSERT INTO `final_zones` (`zone_id`, `title`) VALUES
(1, 'Temperature'),
(2, 'Lights'),
(3, 'Garage'),
(4, 'Doors'),
(5, 'Alarm System'),
(6, 'Smart Appliances');

-- --------------------------------------------------------

--
-- Table structure for table `users`
--

CREATE TABLE IF NOT EXISTS `users` (
  `user_id` int(10) unsigned NOT NULL auto_increment,
  `user_name` varchar(40) NOT NULL,
  `algo` varchar(10) NOT NULL default 'sha256',
  `salt` varchar(200) NOT NULL,
  `pass` varchar(200) NOT NULL,
  `iterations` int(11) NOT NULL,
  PRIMARY KEY  (`user_id`)
) ENGINE=InnoDB DEFAULT CHARSET=utf8 AUTO_INCREMENT=1 ;

--
-- Dumping data for table `users`
--


-- --------------------------------------------------------

--
-- Table structure for table `w15_final`
--

CREATE TABLE IF NOT EXISTS `w15_final` (
  `img_id` int(10) unsigned NOT NULL auto_increment,
  `device_id` varchar(40) NOT NULL,
  `thumbnail` longtext NOT NULL,
  `full_img` longtext NOT NULL,
  PRIMARY KEY  (`img_id`)
) ENGINE=InnoDB  DEFAULT CHARSET=utf8 AUTO_INCREMENT=5 ;

--
-- Dumping data for table `w15_final`
--

INSERT INTO `w15_final` (`img_id`, `device_id`, `thumbnail`, `full_img`) VALUES
(1, '234234', 'data:image/gif;base64,R0lGODlhyAAiALM...DfD0QAADs=', 'data:image/gif;base64,R0lGODlhyAAiALM...DfD0QAADs='),
(2, '234234', 'data:image/gif;base64,R0lGODlhyAAiALM...DfD0QAADs=', 'data:image/gif;base64,R0lGODlhyAAiALM...DfD0QAADs='),
(4, '234234', 'data:image/gif;base64,R0lGODlhyAAiALM...DfD0QAADs=', 'data:image/gif;base64,R0lGODlhyAAiALM...DfD0QAADs=');
